1.367162517302065172e+00,8.805854366096593111e+00
1.408290823997925711e+00,8.347019153471121555e+00
2.281195559121282468e+00,6.461837713073826706e+00
6.554512762110397128e-01,8.896994971210023806e+00
-1.071273751664817420e-01,8.834380208629768916e+00
1.010082867618678604e+00,9.038603589385015624e+00
2.744389563124371989e+00,8.940229271052050564e+00
3.864416645285236873e-01,8.732884380412311742e+00
6.571961775836644426e-01,7.158209422148893886e+00
2.277060441974610328e+00,8.512957826266726258e+00
1.293475411496047389e+00,6.136479449387637786e+00
-7.870286843803830923e-02,9.152104511345619642e+00
-4.912067530861881082e-01,8.784503061930408307e+00
2.004946639347365833e-01,7.515152717186317943e+00
1.893182017981037024e+00,7.480887143401621309e+00
-6.006070044414411058e-01,7.294978438166921819e+00
8.061075958892427451e-01,8.133938473649967804e+00
1.084814487714001574e+00,7.722089878853703127e+00
2.974162983459515353e+00,7.286091278702086171e+00
3.156429219084835758e+00,8.272205476643307520e+00
9.097163813548334588e-01,8.735951639298741966e+00
1.549478739183392628e+00,7.964509239192549828e+00
2.783482662626335369e+00,8.732699786574471545e+00
1.706014069172018033e+00,7.878549740183927952e+00
7.681736368396470116e-01,6.611417258445101197e+00
1.785959803512299215e-01,7.889909189750777152e+00
1.830107545982643247e+00,6.945093351248541325e+00
2.224783492736591040e+00,7.942682304562175943e+00
1.843943156601137723e+00,8.735822803349815757e+00
1.168249852160656133e+00,9.636544089795163970e+00
-1.403909425237820363e-01,8.212355193503427131e+00
1.543871980303925806e+00,7.503246005341269509e+00
1.204560954113678140e+00,7.376558354449705313e+00
1.170991529640862172e+00,7.947283265168036515e+00
-2.227571964760541867e-01,7.918673688985077064e+00
2.932772523688967681e+00,6.243771494001947531e+00
-4.576100047754405598e-01,6.946798867863808624e+00
1.834663533011016590e+00,8.241148536596742957e+00
2.568795950179459942e-01,7.817401987395282248e+00
2.493175304219412247e+00,7.055245162701613282e+00
3.109038673467257041e+00,8.724266406576115074e+00
7.515752607501532401e-01,8.285538024155158610e+00
8.651917454132862506e-02,9.565087241919972172e+00
1.113934821836060074e-02,8.384053916033471054e+00
-6.655968410993435835e-01,8.950028877197002686e+00
3.858917691878359646e-01,7.415226591136380385e+00
-2.694794689401363019e-01,7.249568078279991390e+00
1.458757557605045996e+00,7.599416586136515050e+00
-3.435027423776253475e-01,8.329752393548243816e+00
1.174128957784178029e+00,8.469451525131493241e+00
1.311783261813991741e+00,9.251249955760949106e+00
1.970462863135100218e+00,6.948921296110240675e+00
-9.055562052378784976e-02,9.479340184240308886e+00
-7.551663436097293403e-01,7.921641021186261789e+00
1.158919733720665368e+00,8.307375531035129157e+00
2.734071981440017396e+00,6.410228820076557810e+00
-4.287640537512473760e-01,8.285037430257228053e+00
6.951872195927782938e-01,8.906498436289012943e+00
1.520898375070981690e+00,9.600732551786268942e+00
1.340128154385911152e-02,1.098837193387302591e+01
5.398742462797008201e-01,6.351325707985019164e+00
9.698415623371829941e-01,8.733435311299427184e+00
1.739789535490187999e+00,6.810515986555062184e+00
1.306226765477598084e+00,7.528306914014766704e+00
2.507499780864536287e+00,7.881188102211753588e+00
1.515280639745984592e+00,8.215364033122240173e+00
7.492974287555009827e-02,7.848773758481818241e+00
2.154418332193419161e+00,6.961584560436973490e+00
5.503901750607189669e-01,6.980708642217437365e+00
1.157635983740660901e+00,8.287998831363223573e+00
-4.475502077770920906e-02,6.551778485434281762e+00
7.145126358825846236e-01,7.040496542709269612e+00
2.468581550398685209e+00,8.464394902842910184e+00
1.783441121371322602e+00,8.237777967605877549e+00
3.641587210354762405e+00,1.007503437026964832e+01
-1.285307745025825454e-01,7.997670061692479848e+00
-9.421606137251146151e-01,7.006859539879751964e+00
1.073924855140728774e-02,8.470667188671166414e+00
-1.153392550118383930e+00,7.380690491714868351e+00
8.713522001024771590e-01,7.839270787044299027e+00
-5.933414086961561473e-01,8.435137478000426015e+00
1.716386543909778739e+00,7.194886439559979863e+00
1.725959147024633156e+00,9.053897739403755196e+00
1.177676667129669008e+00,7.455079757738383606e+00
1.182243691090546056e+00,8.389079904941084465e+00
-3.228135370592879472e-01,9.211622944374221689e+00
3.576900328309651211e-01,9.936517634608430072e+00
1.005154469193699107e+00,1.072798181617874214e+01
-1.161441190232360254e+00,1.042417151906853157e+01
1.150545953180086567e-01,8.100812569832083199e+00
-8.630490297143005307e-01,7.821048871398947000e+00
1.910424720840591117e+00,7.528265202330079120e+00
1.824362707080031898e+00,7.070132813979357778e+00
1.455737573135610141e+00,8.489600769688083304e+00
1.069799409013744151e+00,7.966990889096035922e+00
9.036329844443369286e-01,6.701446483630652651e+00
4.387187145719181891e-01,9.655802401634668186e+00
6.952249887765448166e-01,6.169400892519200319e+00
1.154182925606291876e+00,7.951613670589360972e+00
1.619515964836809374e+00,7.530765660109390858e+00
-4.367718784720957537e-01,4.722528886179997443e+00
6.511200285140187338e-01,7.736995115547247615e+00
4.313238535354452230e-01,9.011791047746980254e+00
1.118862893785140145e+00,6.997270184397736514e+00
1.304384388971644437e-01,8.390355426541729500e+00
-1.101974155352115181e+00,7.890493374652765901e+00
-9.596091585283350600e-02,6.060557031491165425e+00
-5.311227189999856435e-01,8.609184870678983970e+00
1.752886111223975085e+00,8.265293543413203992e+00
8.581911220573165133e-01,9.120594828902557794e+00
1.474203726516872814e-01,6.954931617617394757e+00
-5.754319664569012005e-01,8.452055218376109735e+00
-1.873082359966820709e+00,8.550609956645663701e+00
4.611316545154652280e-01,8.356163310116897947e+00
-7.468515687959929039e-01,8.444748139085907823e+00
1.548277529748979697e+00,9.216995715767490438e+00
1.313671793887833950e+00,7.922330002472059540e+00
7.927860370968571324e-01,9.106515708913587304e+00
7.595532972024456875e-01,6.874948597101115944e+00
1.318156991915716780e+00,8.848604142169861575e+00
5.530180872151183591e-01,7.725342565434473840e+00
1.068399650059994377e+00,8.364478029722540953e+00
9.489517695175653245e-01,7.910290613981501018e+00
2.796768090717216992e+00,8.927642214188201919e+00
1.468028428495347093e-01,7.199236266303115528e+00
1.686181832296646199e+00,8.393435607062421866e+00
4.736921684807364752e-01,8.012521952987114560e+00
4.663870652268955475e-01,9.623342120326547899e+00
2.011752716446822298e+00,8.971291072812917378e+00
2.495030128183575613e+00,7.099990287542677692e+00
2.529204721847828630e+00,7.013257206228355578e+00
1.001461277994385224e+00,8.917181952212763107e+00
-3.159480051667526990e-01,8.649926501821848746e+00
1.916909234673824347e+00,9.257200822412910313e+00
1.520734386779550862e-01,8.856957886029894311e+00
8.089590195209255263e-01,7.063474679523533695e+00
1.233994605440039694e+00,7.669552445361815352e+00
-5.646069892402199031e-01,7.102834003272267438e+00
6.872161659401192502e-01,7.841035135342891316e+00
2.041177895999357617e-02,7.288663276715928951e+00
4.875639075503173103e-01,7.364134627162798985e+00
1.640682659016678757e+00,6.971224611361957813e+00
4.781763458890746499e-01,8.969926724137801344e+00
4.382234977241402096e-01,8.299766543893946746e+00
1.875349834237033164e+00,7.589158466106963985e+00
1.224343642542050636e+00,6.575631293700705982e+00
9.035174040290815389e-01,9.385341071098949328e+00
2.227452370344384924e+00,8.329414481319636465e+00
3.301213436405714408e-01,9.494787124955255564e+00
6.753620545612515347e-01,8.390381981687749402e+00
1.297516671407002997e+00,8.025394237931747554e+00
1.088818294213162785e+00,8.622086401234325237e+00
1.196446123476587520e+00,7.889296208045588621e+00
2.437044601255490273e-01,8.189172160364524444e+00
-7.877757816871699958e-02,8.412948712099970194e+00
3.437745059661651004e-01,8.528661569803483999e+00
7.139850604169584170e-01,8.193266408232998899e+00
-1.454738615248170719e+00,7.063764064748827565e+00
3.274795167370559978e-01,8.036616552576212769e+00
3.413409152904822719e-02,7.329289324947131590e+00
-4.839184330862453809e-01,6.279673680548479631e+00
7.754021540245595867e-01,7.077510698440426573e+00
1.898114029015577575e+00,7.415844525483153760e+00
3.460366083659574543e-01,8.581118709467956407e+00
1.065086766391057704e+00,7.582236533510679166e+00
-3.168577304173316733e-01,8.934214127180517551e+00
9.233239035080937906e-01,6.987482755285252978e+00
8.000047210520565555e-01,7.539126914375598787e+00
3.671230884064136113e-02,8.236947555065574633e+00
1.410820292926196373e+00,8.041725082719613837e+00
3.310884318333505716e-01,8.210995121185900913e+00
7.360423376762387226e-01,8.345078683475636083e+00
2.548105102326160498e+00,9.923862590996927580e+00
-2.763043172475094789e-01,7.481245546186588768e+00
-3.636722428682779285e-01,8.272152894212643659e+00
8.686378477698092349e-01,8.240157914784205673e+00
7.047801706759236895e-01,7.357160103553024300e+00
1.276448689203188769e+00,8.252400584729187472e+00
6.028313575611490283e-01,9.180177716441155766e+00
1.800469636123641193e+00,8.039928537592080815e+00
-1.125326072796538623e-01,7.412593992040099167e+00
1.822507520835304318e+00,8.341429281198807999e+00
1.035383453301161882e+00,8.228584122770911335e+00
-2.851316014293425738e-02,9.358054792728077942e+00
-7.624310880398377233e-02,7.739941406317540462e+00
9.308198748682819934e-01,7.179830438481926258e+00
-2.389087217515695194e-01,8.019193305059658883e+00
-7.029694195095030906e-01,7.976740108689440945e+00
7.065602485102404628e-01,7.859532149268292578e+00
2.368451223901768099e+00,7.885145963268392677e+00
-6.002943872488399890e-01,7.409175050943708207e+00
2.464933129835754855e+00,8.440166172116617460e+00
1.092327440155875795e+00,6.751590497991468709e+00
1.145191184134153772e+00,7.947092501252705610e+00
-3.102631743911345996e-01,7.784751659637898058e+00
1.398023689208837794e+00,7.459201920367007688e+00
2.318290090410545456e+00,6.927857106546268184e+00
1.570733887074226454e+00,8.351976685205178441e+00
-2.867242355926626907e-01,7.141404815626089864e+00
1.390271945903089001e+00,8.824112454743243461e+00
-3.695204526597382078e-01,7.861028598480546137e+00
1.305783082516487115e+00,7.825546844375368849e+00
1.201772998511588142e+00,7.600162645829602326e+00
7.558550693100773987e-01,8.647420703209647286e+00
-1.016549155156332152e-02,9.422109163959877520e+00
7.980130954274597954e-01,7.717739530448458396e+00
8.677778042190560370e-01,8.751767581840928401e+00
-3.624777662743550177e-02,7.354073661970778275e+00
-1.245089031632594656e+00,9.735419375991838820e+00
3.219718045725936673e-01,6.511671347521177822e+00
-7.949545437410525661e-01,6.540857017563566522e+00
-1.734085692176982496e+00,8.470869901391612444e+00
-2.044333066808700750e+00,7.859022514785030999e+00
5.706010025189991453e-01,7.804957767857995776e+00
2.019464948720893105e+00,1.021359190484424140e+01
1.463124922283766560e+00,7.968335294526522006e+00
-9.812357831351317117e-01,6.932836399759567669e+00
-3.458280202461172514e-02,8.523632627271798157e+00
-6.468574003926006455e-01,1.011430902228269524e+01
-1.950851758552929471e-01,7.796412288505712773e+00
4.968733958662634453e-01,8.137863843676406361e+00
1.613184936348923904e+00,9.406057202009630913e+00
2.880468242370815446e+00,9.858376019657052680e+00
3.049303202095444143e-01,8.362112259692452199e+00
5.560660531835239784e-01,9.647875967466269742e+00
3.479922225753864229e-01,1.014446032959577337e+01
1.711334335275703999e+00,9.579902410176496019e+00
1.428572737697100692e+00,7.001350963976650910e+00
-4.043432306645671215e-01,8.881125266901618076e+00
4.477767500407966450e-01,6.008616694308117623e+00
1.851492259881091673e+00,7.173615413142092834e+00
6.096214057791509155e-01,1.017243041784727353e+01
1.457378294378746997e+00,9.085614570655364375e+00
4.454039144687571006e-01,7.010379590329890220e+00
3.759858083681809626e-01,8.390038332371755558e+00
1.002993815662333255e+00,8.815713691488793913e+00
2.715228594497806291e+00,8.197171915087020366e+00
9.512089867816032607e-01,8.225439275445639353e+00
-1.092836571607410878e+00,8.377053853410764361e+00
6.007642542188400547e-01,9.107835652139730342e+00
2.645087149192000275e-01,7.010180257250341107e+00
6.320188354655561502e-01,8.164696313172985498e+00
-3.531003779873522763e-01,6.711646020475908969e+00
7.290902164736723368e-01,8.051471228279602599e+00
9.537254709226734573e-01,7.936982406333333628e+00
-3.996944790652063872e-01,8.868159824778706124e+00
1.199441138880639413e+00,8.845612103931300041e+00
-3.565252920773773759e-01,8.663436668139786079e+00
8.533548877042647085e-01,9.325694492452342388e+00
7.769905830692924731e-02,7.565171050432380362e+00
3.111781878857616257e-01,6.892020395498795970e+00
3.992177723065004624e-02,7.521655188246691992e+00
1.827021927183021255e+00,9.411027228485862040e+00
1.131181248039797804e+00,8.165978017947544743e+00
1.034451744826428987e-01,9.391451373287043936e+00
-2.167443284264094494e-01,7.873301249313681360e+00
1.562487134308119252e+00,8.541093011481059705e+00
1.236219884503407362e+00,8.045512961991914125e+00
1.903776690103247793e+00,7.460790917411017631e+00
3.008745320332331552e+00,7.450905853527510558e+00
7.490620933847038643e-01,4.591324412316164505e+00
1.467956267652326563e+00,3.734322308567015192e+00
2.809291207470121954e+00,5.419512605965951302e+00
2.991096034498210265e+00,3.555265853271940557e+00
1.716288839626719742e+00,3.560484069815236463e+00
2.586419659481367539e+00,4.309312174486182201e+00
5.939015231256150606e-01,4.648518899856959763e+00
2.863190684062669966e+00,4.811747439860964981e+00
2.600797648403967877e+00,2.563393053985105752e+00
1.065380180093504547e+00,4.070132956159357107e+00
1.531823296768221265e+00,3.888734471765869394e+00
7.505724212382205440e-01,2.707375029856916804e+00
3.080765106827375810e+00,5.826438406100976408e+00
3.299805511760081522e+00,2.922782491851561026e+00
3.019689070901248051e+00,3.386660184717425359e+00
1.390729979927744608e+00,3.531805854743264916e+00
9.161262354306118905e-01,3.650422277313230879e+00
2.216061797638169129e+00,3.108056869285992008e+00
2.431180607717942088e+00,4.733344391498916615e+00
2.030436417508933111e+00,3.162970894321773585e+00
2.907921940756495793e+00,3.597680161167259971e+00
2.980453853429289257e+00,3.150874513874287519e+00
1.968940142019906414e+00,3.485391815787069358e+00
2.831887304309971487e+00,2.129501979266289258e+00
1.700479929482534125e+00,3.018704540706808270e+00
2.540119704100879172e+00,2.958818984139695019e+00
2.631682603380804508e+00,1.776541902398379058e+00
8.490381866059446558e-01,3.156129475804126283e+00
2.017651762627738599e+00,2.794405540527163279e+00
2.749065930664638557e+00,5.223316880995602318e+00
3.680545807811642867e+00,3.381462393036691161e+00
3.087918923497146917e+00,2.696703903344448872e+00
2.067720763284493835e+00,2.081045844380313259e+00
2.048083323147618540e+00,4.284047406644824640e+00
2.301836085800625487e+00,3.936401498112058750e+00
5.537137131847482685e-01,2.176632664244487536e+00
2.277101164744883555e+00,1.635028911019625664e+00
3.430302586784358176e+00,2.927147868837563394e+00
4.851229253366915017e+00,3.891001965093750403e+00
1.756024613833962356e+00,2.819818696523260115e+00
1.155660196654156202e+00,4.013434715702103972e+00
1.555949497117087965e+00,2.622563557319483873e+00
2.690767735494412172e+00,4.314449100716895913e+00
2.892917191942391497e+00,3.615331963707967056e+00
2.142079943450412749e+00,5.597465909212613333e+00
2.348228848089789711e+00,2.299304329975383254e+00
2.997445089195141410e+00,2.708096751661531076e+00
2.123192324458073266e+00,5.176696279262293032e+00
3.733992474114457671e+00,3.113362416978262992e+00
2.472201730498774008e+00,3.749209624403152752e+00
2.727095846979927352e+00,2.693402594731000299e+00
1.806089332259298352e+00,4.972848576465418446e+00
7.678894929906312505e-01,3.057534976980653241e+00
9.008690087254074275e-01,4.485404176431446288e+00
1.168303747646827428e+00,2.966588681733940636e+00
6.490791281219021602e-01,4.398859342379830117e+00
1.352724094740187066e+00,4.424136233860059164e+00
6.397999315791258468e-01,3.333420481858048845e+00
1.203140641440709091e+00,3.200339752092772549e+00
1.227394127093676790e+00,5.040820760447203952e+00
2.816248726448294271e+00,3.945371227151495130e+00
1.027545437707580556e+00,4.685534647518392326e+00
1.463634455158889569e+00,3.214446648612637958e+00
2.907280290736439010e+00,3.003189582112018030e+00
2.549766226690670656e+00,4.821791892147239800e+00
4.319393118125047781e-01,5.006837245424981653e+00
4.428389974583537558e-01,4.133805139325707145e+00
9.531043515564165958e-01,3.925443944303666388e+00
3.406466222839211522e+00,1.917275983685591267e+00
2.657218847768830994e+00,3.315660716852792511e+00
4.093852761091204329e+00,3.491657371365234575e+00
2.975585809411406935e+00,1.673761598905648462e+00
1.327136400455178888e+00,4.392825661755169087e+00
3.169949474740988649e+00,2.464908165988368705e+00
1.528882822759969340e+00,4.072791410153386416e+00
2.674137362980945731e+00,2.756830810611127003e+00
2.439049118153614693e+00,3.968804778095770924e+00
2.562958304954792155e+00,3.957221072040689513e+00
1.953816050154289607e+00,3.602464097030861456e+00
2.064233959095316262e+00,3.596507413911899320e+00
2.784501308350838311e+00,3.233591391203751719e+00
3.541556700843447203e+00,3.577542501105788642e+00
2.879543408078785394e+00,5.309144407376404473e+00
1.928549184336476374e+00,4.289746567530275279e+00
1.362221182709939082e+00,3.421666228363671181e+00
5.552782643859477396e-01,4.669571808156290693e+00
3.592888183547504610e+00,5.001557237406252909e+00
2.685030554396319324e+00,3.096652680018786796e+00
1.482222735236865763e+00,3.456683224730313420e+00
8.557257926865369235e-01,3.221016308127773620e+00
3.073616446647919886e+00,4.152585145415763179e+00
2.998540460968457388e+00,3.359683755343258582e+00
4.431069007173839225e+00,2.656616629849735567e+00
3.981788726259038125e+00,2.872456925313643605e+00
8.407744688770408814e-01,2.906919368827490580e+00
1.340469428824348608e+00,4.170805010967593596e+00
6.419745950632587128e-01,2.403021953749998385e+00
3.783289823985046318e+00,3.040728888952699549e+00
2.044709882960696667e+00,2.755975592413797859e+00
3.128156911494521797e+00,4.473531356296973627e+00
2.543635858376020131e+00,4.612408448602403510e+00
5.620433040070362818e-01,3.887925166488519935e+00
2.331883222932653599e+00,4.279161248632032510e+00
2.501941445164773903e+00,3.196474946468001122e+00
1.488434422168579463e+00,4.688739833168258819e+00
1.588455517598148958e+00,3.473133539217267973e+00
2.243413836560293362e+00,3.230972497366398688e+00
1.973415490712421949e+00,1.333511269977599056e+00
2.250439748904215609e+00,3.902295246671504181e+00
3.788615439055004863e+00,2.516489141758418313e+00
3.774856403814986550e+00,2.927457213834880445e+00
2.066589721313757622e+00,3.894872636170270130e+00
1.019783955031310363e+00,3.995539099039049802e+00
3.194131741658223334e+00,6.438391867992239170e+00
2.397804952454491545e+00,3.144903913020803632e+00
2.779260025482677587e+00,2.083410678324804088e+00
2.568717600215394192e+00,2.482644014665946308e+00
2.060613037856916296e+00,3.813388256270130228e+00
2.001077476780912523e+00,2.947248417255970310e+00
7.670339977725464387e-01,2.880138183857060330e+00
3.749614282933571907e+00,3.663927693305593092e+00
1.911987747859139386e+00,3.838102591937480046e+00
9.148017072408587413e-01,5.541889255593950736e+00
1.035060599337624732e+00,5.295746821741996513e+00
4.205443472817474770e+00,3.389974542956276427e+00
7.515431855967922292e-01,4.068381486644446987e+00
3.657502632388879960e+00,2.753186082194361894e+00
2.979361352422571940e+00,2.606789331734123749e+00
2.395094967442018774e+00,4.480939328404429212e+00
7.345114769203069383e-01,1.503210225874636485e+00
2.089570903480298725e+00,3.519660965382772844e+00
4.041817420304476549e+00,2.778451312974102194e+00
4.068275915064750947e+00,6.035748490114261067e-01
1.773274323530424690e+00,4.175632063040060515e+00
1.038816979046667921e+00,2.103076747330065110e+00
2.013670913362623160e+00,2.601462371266854312e+00
2.059382809237037204e+00,3.402532362172896452e+00
2.034300166006164812e+00,1.961049914769206648e+00
2.036260371317129447e+00,3.795920231506667797e+00
1.323298598631907907e-01,3.350010763371669142e+00
3.280925591887251080e+00,3.763103638025298903e+00
1.158536877689047451e+00,4.175722315969935927e+00
2.339868110486727382e+00,4.210760343859797139e+00
2.406783778485357850e+00,3.044757625273957213e+00
1.714275653074503136e+00,4.719518616210701900e+00
2.243801826400805499e+00,3.093494651763184056e+00
2.157458148020666044e+00,3.413533801745743279e+00
1.780368086604414923e+00,2.473106416786168715e+00
3.221918742836263228e+00,4.300833630087614878e+00
-3.597587457365829522e-01,5.022182022684107849e+00
1.412596171676772094e+00,3.379399970457001245e+00
1.589909517648405934e+00,5.132616630308104000e+00
2.731339244526750143e+00,3.065460780392991857e+00
4.597088387239530505e+00,4.419233523145775777e+00
1.582856267381934856e+00,3.464908587210690172e+00
3.237017843288650276e+00,3.590508275802029026e+00
4.664622367953119131e+00,1.929100884596389731e+00
1.720404874596852984e+00,2.918068199133904805e+00
1.629153941496964464e+00,2.811390510510551000e+00
1.775774309112590821e+00,4.660324422619747331e+00
3.874226695634306772e+00,5.367599362329884549e+00
1.310569143351553389e+00,4.140059077411321731e+00
3.822236736423510806e+00,2.692686619889577138e+00
3.782114603475678294e+00,6.553226425468603900e+00
1.946988226648291187e+00,3.269458972469031721e+00
-6.069397065953623382e-01,2.466372919766731009e+00
2.262887496516937436e+00,4.247129141831613275e+00
2.374202361064506661e+00,3.559385304658506222e+00
5.217448862995863745e-01,4.977569715425996577e+00
7.288482434032848012e-01,4.085989801118456555e+00
2.174437453282370036e+00,3.264878370422201748e+00
1.378232877930510858e+00,3.757334664961845760e+00
2.071004610387196632e+00,3.535260870699591607e+00
2.684728552578392158e+00,4.051128814093143404e+00
3.633583825860456251e+00,2.363414495337289978e+00
1.761906868726247577e+00,4.303016846602865542e+00
3.109118112835007608e+00,2.053963599070213863e+00
3.382290683662407815e+00,4.763417579213248487e+00
2.413654982786345382e+00,4.589588387223249910e+00
1.177842526922370014e+00,4.728201776979131132e+00
9.910203604565044344e-01,3.822294705798547465e+00
7.336723973937508969e-01,2.941164036288269390e+00
2.718478178014422486e+00,4.260735127673251910e+00
1.404341981506598724e+00,3.621960390802400731e+00
2.352448548223159186e+00,4.146911957575801999e+00
2.827278329674226320e+00,3.220627580258259126e+00
2.529623087237204970e+00,2.742886685028951721e+00
2.386061725409025946e+00,3.618904761102315071e+00
2.888969508235858186e+00,5.010123468522795775e+00
1.034218562189473278e+00,4.369080967582613440e+00
2.036116373140371749e+00,2.705544751035437123e+00
1.328816022399426533e+00,3.885764450186449892e+00
1.169761552512678326e+00,2.904303368461531587e+00
1.920322574019792450e+00,2.595766488097453362e+00
2.123524027224562793e+00,4.327240159018490573e+00
2.054304736291080680e+00,3.483209449281559511e+00
5.249898007923756715e-01,3.072137107224159003e+00
2.591143305543569753e+00,4.874547070419394501e+00
3.512997147453753133e+00,2.835493079296065311e+00
2.746100106502287197e+00,2.715336446209683174e+00
1.672879630193775835e+00,4.751247546757439544e+00
4.089517975193747823e+00,4.470978714365145379e+00
2.093629796392976417e+00,3.004340689600551784e+00
3.269210573022141020e+00,5.387095171287310968e+00
2.706486171860806866e+00,5.388228357533065171e+00
1.455329933865200598e+00,3.174622922799787084e+00
7.921663242973204788e-01,3.404662690223160482e+00
-9.216535606774831635e-01,3.099261389468610517e+00
1.076401107653394362e+00,3.904452879374535890e+00
1.068929928893365799e+00,2.586755680952729008e+00
3.458819823555952411e+00,4.742593383961091646e+00
1.789589696035619237e+00,3.416094408203000476e+00
1.368859616071867569e+00,3.264438140553609813e+00
1.986612341678439808e+00,4.038420875236408136e+00
1.472970544463812592e+00,3.901344269526612507e+00
2.253895183721645878e+00,3.714084989926565772e+00
2.089077608887622173e+00,3.742540122971282024e+00
2.170010193362734263e+00,2.179484346973779907e+00
1.889391052906066903e+00,3.383407855856186863e+00
2.558227812008730062e+00,3.420726838366368039e+00
1.908406498740388146e+00,4.710893216958265128e+00
3.328652658773864736e+00,5.200681165945764128e+00
3.827273024976779681e+00,3.510699979576078711e+00
2.622504156060654346e+00,3.944725908685264404e+00
1.125108470279790440e+00,3.457260790087208768e+00
3.152447257760772725e+00,2.833235198559849621e+00
3.915528486391607998e+00,4.206829859518072645e+00
2.696170626721557717e+00,5.466183117313519801e+00
1.654252462904412635e+00,3.520307079211250301e+00
1.159858218954610720e+00,4.989761227584338599e+00
3.243288311806923119e+00,-1.018397983002161666e-02
1.743472823342121281e+00,2.281011944426031501e+00
1.794336938469027309e+00,4.348892065106984006e+00
7.049162088028635420e-01,4.224036681662574289e+00
2.051043769173964026e+00,3.876655050901709032e+00
2.256419708892931197e+00,2.229441500342784543e+00
1.726545200757714005e+00,4.016737844905897248e+00
1.562562562585139592e+00,3.098448850007725408e+00
2.570385716889953098e+00,4.445399351853381198e+00
3.566712428353304709e+00,4.255483218738833173e+00
1.779140944243150502e+00,2.301960260592616159e+00
2.778714943613794119e+00,2.963722549974153075e+00
2.639853512057505291e+00,3.086634211958866558e+00
2.982715129959343514e+00,3.904171207291269319e+00
1.825215836058576624e+00,4.621927509964858238e+00
7.703745026126398443e-01,3.350209213672753261e+00
2.134503805828709133e+00,2.589438332294117018e+00
1.019890269496565693e+00,4.092400579007579253e+00
4.435443729341167263e+00,3.152398036972602124e+00
6.789332889397037274e-01,4.084765151866143640e+00
2.938535330789223909e+00,3.434894682564027857e+00
2.597519904589405737e+00,4.020358643380196106e+00
3.669100943245513058e+00,4.861717754446074125e+00
1.394506964712392882e+00,1.503677722745440981e+00
1.629879788005583308e+00,3.171628371278453873e+00
2.447663672128378654e+00,4.618055321803775648e+00
1.864376887105514635e+00,2.112239708094838520e+00
3.802958442586265697e+00,3.734336326662917926e+00
2.988688286365704716e+00,3.805200243414725403e+00
2.815796216326746926e+00,3.582046745653705955e+00
3.826050809322963708e+00,3.671256209730479281e+00
3.549714940828138765e+00,3.759658027190972529e+00
6.691765969624410282e-01,3.531333602953867334e+00
2.196193999510096528e+00,3.406101413876594375e+00
4.785549222483895804e-01,3.366151640562458525e+00
2.518526536023301343e+00,4.674310493046229809e+00
1.585828835248408009e+00,1.554599886793149199e+00
1.665593555069679432e+00,1.708747629254960376e+00
2.164872489480095918e+00,3.822261564340210693e+00
3.059092966329222119e+00,4.825782266965160439e+00
2.812021583016253601e+00,3.994425738065822351e+00
3.020637976456319596e-01,4.374345980764106301e+00
2.799651899096343932e+00,3.648239614938636688e+00
2.508448725502203658e+00,4.676282167119662603e+00
1.667750072736839728e+00,3.100732881578038835e+00
2.935793382518679717e+00,2.896722466972407428e+00
4.289017644464401258e-01,5.069859525272015333e+00
3.441723001218032429e+00,5.522673279311191230e+00
4.463788749986729698e+00,2.542118190152506951e+00
2.176090755553497402e+00,4.129152818089150578e+00
1.141336669336302734e+00,3.175102103529363173e+00
2.367076629245772779e+00,4.870107017724333964e+00
4.065823274518351127e+00,3.628234140426835008e+00
2.018210124964983532e+00,4.737737063074897392e+00
3.473114574400123722e+00,2.769953152527488971e+00
2.613341861710447134e+00,3.620461898600313422e+00
2.127733598086731792e+00,3.183578705935547148e+00
1.802900180662816210e+00,4.277332332240225909e+00
2.140780835969732010e+00,5.524064211569876370e+00
1.894587749027669243e+00,3.668463380481254976e+00
1.662149235924086588e+00,3.120704977769379607e+00
9.772059828129762149e-01,3.554629127612326744e+00
1.163938127584917437e+00,3.443259584317729605e+00
1.207785711743234458e-01,4.875776530158663746e+00
2.378782331722588683e-01,5.038034596110256835e+00
1.699138640640287523e+00,3.903466259968692675e+00
2.615489602507557354e+00,3.230258074194209073e+00
2.507524668510832555e+00,4.666861242476940674e+00
2.303315991428667608e+00,2.547703188969804522e+00
2.002122467907256009e+00,2.796459262346433938e+00
1.911724488044587611e+00,3.929293363496591862e+00
2.462586103495180812e+00,4.963095522818145255e+00
3.822394982651772910e+00,3.360068410156896945e+00
1.886136261842792372e+00,4.690786153809130887e+00
1.271110350780226383e+00,3.882403903851116667e+00
1.437495030646160243e+00,3.687296418113541474e+00
1.603241035230208666e+00,2.073799660826271207e+00
2.191151878905273076e+00,1.578379701027079918e+00
2.006516674331496386e+00,6.109844225359111647e+00
5.816004564167134294e-01,5.776324943038585680e+00
1.632289551405991634e+00,1.012319511179446518e+00
2.716651931886374882e+00,4.272675830136952513e+00
3.861328283211463486e+00,5.283524571792802327e+00
3.549737593854040973e+00,3.288224831859322350e+00
1.573363063964644315e+00,4.334564898486735984e+00
1.078363382986660124e+00,4.582820406276059799e+00
-8.456289735463284885e-02,3.798736298335262163e+00
2.639391405181371830e+00,1.535147637535819509e+00
2.318820905472213756e+00,3.381908397651247178e+00
2.240386358777974429e+00,3.306063155796477027e+00
3.413893987989241374e+00,3.857062092158176192e+00
3.260497706736482648e+00,2.378941428364288679e+00
2.267593213098607841e+00,3.286884403031984370e+00
2.491537400698851101e+00,5.154330183207171956e+00
2.638784260648563862e+00,1.215722730249594541e+00
2.279863893744883185e+00,3.437527906073289063e+00
3.012438535868047218e+00,3.933349850599398234e+00
7.713289446403717164e-01,3.809080551569521411e+00
2.577342875050566917e+00,4.042714832133522229e+00
3.087804183483159104e+00,3.532696936182878833e+00
2.061940176675289838e+00,4.638477097020864193e+00
1.865230875736129335e+00,3.214243963707876350e+00
3.380710902562394704e+00,3.552181979718454397e+00
2.911915480001403544e+00,4.284914706292875408e+00
2.343926074552660221e+00,3.820493644215884554e+00
1.868977462736986173e+00,4.127749291150026423e+00
-1.950582139715466568e-01,5.320097658433275534e+00
1.135045630652235182e+00,3.080644805771311390e+00
1.470225461166924319e+00,3.717917514459132988e+00
2.456552147107465611e+00,5.239974983628714611e+00
8.101452678108065353e-01,4.254591007891193044e+00
4.035385483847461430e+00,3.343724979357548754e+00
7.354147792792233851e-01,4.990533842359210048e+00
2.880238376907052533e+00,5.230566247912727285e+00
1.870004436824702632e+00,1.578850028548655082e+00
9.926280909725826440e-01,3.914501496118856672e+00
4.158481284113155318e+00,5.707973260495426970e+00
1.150868847999600764e+00,4.036923612174623699e+00
2.323022766352389912e+00,2.613852735424271323e+00
4.262615514376719261e+00,2.182427984891060824e+00
3.622621486818373704e+00,3.452842534588882906e+00
3.485339570584597979e+00,3.449082531719746658e+00
2.078957434609382204e+00,4.312161785003779002e+00
2.101997561964077388e-01,3.493365816093856324e+00
1.480996780481104613e+00,5.054958413933741568e+00
5.704269356591791240e-01,3.741578350990719226e+00
2.650196877647315485e+00,3.347341615727274622e+00
2.480748756838250912e+00,4.056763001933976653e+00
1.275502390975425726e+00,2.723624853375868238e+00
4.165044383895639690e+00,5.240485650869459278e+00
1.421076426456972630e+00,4.710397132271247678e+00
2.591188304481649940e+00,2.424782937276910744e+00
2.629365001136076074e+00,3.963759905783996285e+00
9.024332671549359919e-01,3.582317997787606068e+00
2.958104449551634652e+00,3.548715142970739755e+00
1.422162993048415203e+00,4.723348418399630155e+00
6.616620854578409983e-01,3.233244488089670909e+00
2.533788626357284635e+00,5.321676863079072284e+00
1.745925815932945158e+00,1.896072258489408080e+00
4.044430234345464115e+00,3.569734314239801698e+00
2.159420556891788134e+00,3.624449003077971465e+00
1.994623581295775994e+00,3.903162059035822473e+00
4.016848620995829844e-01,2.131909845796942093e+00
9.604123324966939990e-02,2.977427235093229818e+00
3.672473671530331885e+00,2.965762499744184044e+00
2.359814763441986152e+00,4.636146392427693996e+00
4.075464507743405740e+00,4.114612499048001304e+00
2.714075954188268192e+00,4.347402762566867196e+00
1.768569913402990634e+00,2.387160343804047180e+00
1.369995315300745586e+00,3.770837041623984032e+00
3.747048432952888142e+00,4.264628829879247185e+00
2.516956128040696239e+00,3.296581045666310494e+00
8.668766382043437968e-01,5.985480112125790342e+00
1.427532732836074736e+00,3.162108619951364830e+00
3.863211026252662883e+00,4.242837996407362589e+00
1.827381436761997602e+00,5.100787227501957233e+00
3.507055038427817628e+00,2.633001333607870365e+00
2.378933098412335134e+00,3.015221471063581404e+00
1.050709554631207299e+00,5.007337226377456041e+00
2.012114572640787635e+00,2.257909851805259827e+00
1.169613540469379709e+00,3.274023986392340824e+00
2.543553888834387156e+00,4.422477491842625952e+00
3.524912971687315988e+00,2.620973184694970204e+00
2.153081319911847480e+00,3.971592070740297409e+00
1.305545303515084132e+00,3.583789722376603759e+00
2.083291214885310882e+00,3.657235222186395518e+00
9.038363124533037585e-01,2.458102403765065613e+00
6.548319467881742462e-01,4.404103712106458346e+00
2.929839999928039340e+00,4.344170270911233089e+00
2.141843477724993505e+00,2.455674330964348506e+00
3.900607700951226775e+00,3.512498599063556881e+00
2.353644590530072911e+00,4.682949025230073836e+00
3.755624566053948676e+00,2.327706328550803505e+00
2.635473886337152294e+00,2.308535737268350374e+00
4.059198048787108881e+00,4.005581386287332180e+00
2.570936787100156717e+00,3.173196997234708494e+00
1.774407603364274166e+00,4.177905904922823765e+00
1.363592853459894005e+00,4.532788753349378474e+00
1.253640654910131547e+00,4.773902868225492924e+00
2.822397121153993993e+00,4.021127659351416028e+00
4.019132320451752616e-01,3.812379850801913328e+00
2.797734543542990338e+00,3.127568965241863452e+00
1.567160407189663873e+00,5.694369042482752441e+00
-9.495652694646850023e-01,6.111346322937158959e+00
1.587375706326817459e+00,2.861636478341207823e+00
1.396870275153206942e+00,2.878306242846569774e+00
3.923266141138019414e+00,3.954279140518409896e+00
5.217342937638730582e+00,5.133919844813060074e+00
4.895634655095099319e+00,5.081009423713240380e+00
6.837612803766257130e+00,5.470988535596952751e+00
5.430751086970782460e+00,5.061440099198991405e+00
5.097709983597170869e+00,7.090529797592323824e+00
6.766443209287198002e+00,5.345448188346951568e+00
5.217758989316843454e+00,6.410257444915419711e+00
5.013013535122748721e+00,5.357433488244077502e+00
7.039318976518694981e+00,5.461810783059945607e+00
4.417061399908224217e+00,3.775509059750725704e+00
6.152300921138206924e+00,5.707456085126676903e+00
4.589654420501277698e+00,5.662091235994391347e+00
3.821793582568963288e+00,5.413873522405908467e+00
4.270351829104800601e+00,5.878970342490593026e+00
5.476921414568209912e+00,5.509878853598682902e+00
4.491844614200354968e+00,4.805231714458000347e+00
5.284777482690272699e+00,8.266834675729519688e+00
5.083768958279891059e+00,6.145544729585135535e+00
5.329560759136426462e+00,5.008429146425957157e+00
6.404773742144569404e+00,5.602494746575484186e+00
7.254710422950039650e+00,5.399653511365994696e+00
4.867402174146254978e+00,5.362718392327090022e+00
5.966095703918982807e+00,4.625687662329895034e+00
4.660638286008687459e+00,3.883602111503844156e+00
5.743518034193026978e+00,4.981163050520301283e+00
3.080680194966399554e+00,5.294493583790301550e+00
5.083478936524270964e+00,6.525336012221260695e+00
6.517564456548702090e+00,5.083981383670143295e+00
6.001607618651283005e+00,2.095764108052267538e+00
5.973877801653068254e+00,5.548597106362112008e+00
5.975158500330052469e+00,6.353185222032577961e+00
5.222254411061956425e+00,5.473214515812840908e+00
5.984748387064469988e+00,5.841109680237196677e+00
4.546878497075141468e+00,5.792352281211134546e+00
5.632294178180520028e+00,4.054892882648942098e+00
6.243249926520697102e+00,6.189923410834741624e+00
6.104772601129260678e+00,4.330346548232682835e+00
7.250732839870653201e+00,4.486491045747230899e+00
6.063653206245901650e+00,7.012238620581097592e+00
6.512338619213708490e+00,5.912613221001906894e+00
5.858283532420254680e+00,5.751940119133060136e+00
8.458879000298558992e+00,6.686632144082784279e+00
5.347389514164353486e+00,5.676189777967734607e+00
7.877500688469770473e+00,7.296523362741055507e+00
6.803738113495598760e+00,4.407328174863388348e+00
5.023924403825697382e+00,8.015401288243479527e+00
5.628648061950808135e+00,5.994756088438285779e+00
6.978580368256872113e+00,6.251420893468777606e+00
4.937204457879059483e+00,5.939830930979667301e+00
4.802427616276562006e+00,5.198931097530715029e+00
5.854032921276148826e+00,5.298691249002070336e+00
3.808275804450949487e+00,3.186654140656793199e+00
4.669943726354500058e+00,6.628933615641127375e+00
6.098047691492483047e+00,7.584362596584794503e+00
7.206764258387797994e+00,5.051704497497799373e+00
6.061333710681508613e+00,6.538697670396768302e+00
5.243747255599847001e+00,4.648813901101521040e+00
5.898480726216194903e+00,7.240410902087567990e+00
8.112120310154427472e+00,6.478546395122223522e+00
5.707055026849505275e+00,4.931571205687882653e+00
6.712933250132310015e+00,6.600528304024848580e+00
7.377911710526550593e+00,4.587027207085512259e+00
6.558484107905232285e+00,5.369281486721738439e+00
5.974621791293820650e+00,4.538417810700031474e+00
5.139718396041580206e+00,6.674919872214393202e+00
6.312262931377269126e+00,4.700797434505181727e+00
3.724797008463541559e+00,3.990732707853248407e+00
6.297933150363377308e+00,7.061910299051119111e+00
6.675883125031177201e+00,5.437757684960057070e+00
5.826204840764191317e+00,4.677803660940642594e+00
6.178740939015935574e+00,5.724732603213801951e+00
4.576673904368798063e+00,4.240887414508584641e+00
4.502526618046172047e+00,5.896353077553135869e+00
5.997393732199054917e+00,6.167731533297930113e+00
5.956312532534234983e+00,6.880302229834668992e+00
3.256252069948032180e+00,5.075302476382755223e+00
6.695585072817403116e+00,5.609173320110971694e+00
4.930934773169587615e+00,5.739218729826301768e+00
6.962965262343842276e+00,5.368564967576915592e+00
5.829302613894559393e+00,6.499555159400109083e+00
6.315908156162562292e+00,5.456045580742572731e+00
4.302409496410117384e+00,6.531353626226163556e+00
6.643246297893532493e+00,6.404592724087703637e+00
6.184831288197102594e+00,7.328245613070282438e+00
5.207708349290264493e+00,7.125864900678382519e+00
4.506038631278079798e+00,4.596314304074528678e+00
4.594578636572986596e+00,4.545883735441035967e+00
5.250986404826757159e+00,5.169273638586984632e+00
6.183751654943044684e+00,5.958161747470469116e+00
6.628920685816666492e+00,6.330982588451709248e+00
6.624225167798234004e+00,6.584158674086897811e+00
5.620070755921529937e+00,5.715849198573360823e+00
5.133157885596054015e+00,3.803129128936456382e+00
5.307238025300422102e+00,6.047453101612696891e+00
6.356562434224455771e+00,7.280107376779680450e+00
5.457619166572610148e+00,5.006658257094855458e+00
6.203275038814396680e+00,5.711107467272949378e+00
4.302868397293089231e+00,5.580788385370030191e+00
7.901944330600566779e+00,5.063317668258493498e+00
6.723781149485293263e+00,2.956771165236204979e+00
5.903610303763813683e+00,6.075613181334698965e+00
5.635614864059942164e+00,7.502867170239871264e+00
5.360894342163835979e+00,4.864371981081385243e+00
3.782363023332199425e+00,5.648461662324873345e+00
5.377061471074236820e+00,5.514649770083059011e+00
6.530692580116131296e+00,4.651764301681237335e+00
6.405110764911475130e+00,3.842925908495728571e+00
6.692107604517307351e+00,4.332934242468811981e+00
5.666555604416160463e+00,5.681854933895374771e+00
5.131758927216640842e+00,6.573956461540895191e+00
5.952905363697357899e+00,5.348541338379114052e+00
6.681617002440720654e+00,6.723561393928962460e+00
6.126804442688272623e+00,5.517316704239991765e+00
3.976637817225963989e+00,5.146362255692578103e+00
5.553637349327094519e+00,5.550203409179138347e+00
5.827475391851507425e+00,6.084121717310002175e+00
5.490339344669996180e+00,6.209287855618697449e+00
5.514639356084138022e+00,5.280652390554415376e+00
5.220348029348786945e+00,5.141572409100453989e+00
6.770541170409904552e+00,4.917278273818435963e+00
7.549301329044181941e+00,7.486600933032905303e+00
5.308056257443449333e+00,5.477413403936618685e+00
6.209983699034754778e+00,6.763359370886633748e+00
7.288648083264006594e+00,3.713072768496253673e+00
3.836017643279168610e+00,6.665709740475623590e+00
6.458800132779036751e+00,6.842301807027422633e+00
6.103691658097568862e+00,7.786213837779868641e+00
5.666122681546795548e+00,4.479647903547072652e+00
5.212290792030701780e+00,5.816182213468910511e+00
5.453474857458012970e+00,6.966054709231698894e+00
4.722641380504786213e+00,6.139595740902016985e+00
5.074866135767739372e+00,3.361329003734291554e+00
4.424252694095247129e+00,5.453865704405737702e+00
6.691782336030280831e+00,4.193172797295230403e+00
4.339253435415973748e+00,6.017648149608135988e+00
6.576967861234106927e+00,5.048509072579280499e+00
5.914047826279409392e+00,6.176047708376623646e+00
5.783461479344043532e+00,4.960347995872842475e+00
6.261610977500656539e+00,3.302911722757851720e+00
3.489623567197230436e+00,5.292378160107411134e+00
4.082188287996103782e+00,5.059809070958706911e+00
5.819731681461215445e+00,5.724921632858366749e+00
5.772478470143454388e+00,4.404808312338126086e+00
5.034388547730476837e+00,5.716988613624844895e+00
6.942825607672456378e+00,4.806711813127339639e+00
8.100225743479249729e+00,5.328692872189221497e+00
3.992028958589208365e+00,5.452161257890009161e+00
5.762699025443087208e+00,5.486880238842803514e+00
3.910663047681760318e+00,5.531019583462327915e+00
4.171694108625787933e+00,6.164416299061235449e+00
5.244735023418590991e+00,4.743895755146533055e+00
5.902382290655370234e+00,6.073111846043829587e+00
5.628469909818389461e+00,5.834615179024980947e+00
5.370780605664767116e+00,3.690247962648525615e+00
5.649275437768025654e+00,5.530636148052393786e+00
6.693910870643252409e+00,7.651847732538990421e+00
6.067546311499960154e+00,7.589410841023262577e+00
7.143129814691890012e+00,6.264354033869039107e+00
4.146735001478569771e+00,5.838754329998004700e+00
5.282551176243746482e+00,6.310022028632738866e+00
4.772003858658463216e+00,6.306273026030927653e+00
6.358726777991281054e+00,3.917049466065584795e+00
5.608127640611743736e+00,4.684754607150768635e+00
6.809367796915852367e+00,5.527666876970624088e+00
5.639881131142725934e+00,6.334282175937531179e+00
6.174301992748619128e+00,4.712562218192194230e+00
1.646048498141738925e+00,7.288041388998472314e+00
6.423631489749404899e+00,5.833204802322714322e+00
5.492259502240032454e+00,7.144039666492914442e+00
6.561428513781105032e+00,6.225186949381102508e+00
5.454316076334563945e+00,4.799987735571670910e+00
6.638207412136513774e+00,4.629218127421371953e+00
4.921565333496671357e+00,4.694876772370757401e+00
5.735806858275376285e+00,5.051310512102478611e+00
6.048776276606859348e+00,4.969427535097628912e+00
6.163059035995596346e+00,5.368015509525991824e+00
6.526620103129560313e+00,3.949896771918712357e+00
5.859859972310802689e+00,6.529060746759881795e+00
5.855786472499686646e+00,2.964959206461265762e+00
5.273259429785030150e+00,5.481221339437558626e+00
5.426874553142564395e+00,4.484561270054850723e+00
6.247852593337491101e+00,4.506418657434279496e+00
5.611719880495495971e+00,6.445682145996651791e+00
6.788374222615439990e+00,4.846851896258731252e+00
5.154042869949502226e+00,5.045538850532248709e+00
5.724136087321133104e+00,6.811094424844609918e+00
7.021141958782471271e+00,7.703063034252575214e+00
6.761386506973859234e+00,6.772881425178869819e+00
4.823363712704452411e+00,6.456791862846068319e+00
6.580679952322012305e+00,5.418290078741595295e+00
5.196462149797178576e+00,5.573076023885634278e+00
6.606189440426296855e+00,5.337986964394042744e+00
6.164878628525722881e+00,7.360205450803797511e+00
5.952545225825856434e+00,6.241556935689486885e+00
5.418196843916786243e+00,3.793829151876409789e+00
6.242255106510111951e+00,6.920907057941886542e+00
6.761729092014135745e+00,6.912730334874277460e+00
3.371011742665225519e+00,5.899718048163894224e+00
6.664889052313594853e+00,4.228471021372671501e+00
5.034147739816435596e+00,5.097142876373309761e+00
4.305574746287353705e+00,7.262364712360917629e+00
5.078423928069241811e+00,5.689676792432358354e+00
5.534056355853266496e+00,5.445329544406783739e+00
4.438723026055657606e+00,5.781358532628408042e+00
6.658387645646746122e+00,6.377081553788926271e+00
6.131205523934705859e+00,5.849154437181554478e+00
7.273441106557684499e+00,4.975715411798658394e+00
6.213971075532555233e+00,5.611715713487039459e+00
6.063753702895124498e+00,5.341934596122640322e+00
6.076016020935027129e+00,6.876841639082744706e+00
6.787845114688744630e+00,4.019893376475408786e+00
7.884939066610331615e+00,5.558295134306852958e+00
4.033455667213975637e+00,4.385197338863758176e+00
6.847863441269819162e+00,5.255769919258003853e+00
6.375049050041186938e+00,4.984015783433970448e+00
8.661698281856484272e+00,4.092612901667433967e+00
5.960486207781729995e+00,4.717678787266907925e+00
5.666469195450679841e+00,6.690390631984203473e+00
3.153485745775818749e+00,4.424435212694787012e+00
5.967024281208873404e+00,5.612055431879799272e+00
4.742338043215521104e+00,5.105817026340114140e+00
5.845784475647348266e+00,5.356698513187168054e+00
5.808817318588044287e+00,5.987518386075195487e+00
4.909601901076776187e+00,2.011551738652567867e+00
7.700234987827320410e+00,5.710875461328945413e+00
5.113624852868753123e+00,6.337610039978382126e+00
4.680954396638960624e+00,4.751304517654516779e+00
4.569860269047623547e+00,6.257701395353363338e+00
4.407656550351299884e+00,4.826394475801324191e+00
5.063470496875845939e+00,6.359517998924319571e+00
3.547674103641005772e+00,7.234350343548006101e+00
6.415306700016694563e+00,5.886984151696234235e+00
4.586204869704835652e+00,7.556042218701090718e+00
5.268666060507970705e+00,4.443120777731431659e+00
3.739807575468365730e+00,5.275587987525665490e+00
5.626541884174081964e+00,5.666910027829481500e+00
5.997244850504666047e+00,3.877840817302046439e+00
6.369243624441334184e+00,5.044712450464325038e+00
6.350692741299340582e+00,4.425945324356053590e+00
5.730566529643325246e+00,6.759884638267799950e+00
4.777947838882643516e+00,3.552489244729106765e+00
4.654228732311185723e+00,4.497305741069794749e+00
3.059754246207823325e+00,6.231121476595995468e+00
5.048802808984122592e+00,5.570964299406990783e+00
5.585238983835714599e+00,7.656802305402637288e+00
5.291845978993283239e+00,6.761392224282031016e+00
6.393793068055155793e+00,3.988308017883484879e+00
5.927973238161784231e+00,5.004506784288605736e+00
5.003931542164688828e+00,6.571516798751746435e+00
6.404643222723468199e+00,6.719056838095814221e+00
6.115087488719860076e+00,6.587277591964619816e+00
4.666637835120900135e+00,5.238036014235778026e+00
4.690755211678368397e+00,4.693633821217758850e+00
5.085624572244588748e+00,6.900632244288401829e+00
5.678968441489786301e+00,4.037647351960073294e+00
6.142565457459141953e+00,5.433825404958380290e+00
5.987656845480411327e+00,6.556236884233157092e+00
5.532392455162852052e+00,3.317347668681213335e+00
5.240322525329450976e+00,4.150464663230304829e+00
4.424312776703410499e+00,6.190061435769426801e+00
6.073068341506086654e+00,5.112168776062206987e+00
6.907144633794859878e+00,5.993351213139408884e+00
5.180242673871138237e+00,6.173412757074067336e+00
3.876498920202378962e+00,6.259451813813058152e+00
3.429199239484376882e+00,6.295445032567084986e+00
5.605864778401122628e+00,5.727062309367653370e+00
5.535863457898537732e+00,5.768820819998924598e+00
5.193826676067914150e+00,5.922167143311527937e+00
5.066546264272469458e+00,5.024336352732668765e+00
6.848057720024121942e+00,4.558552865832146139e+00
7.399409412225403493e+00,4.584834283487064788e+00
2.994177142940346759e+00,6.382080800797953479e+00
8.135086732964884604e+00,5.717732472431197088e+00
5.900860780891102664e+00,6.089154505688208374e+00
5.553963521415020921e+00,4.793408245479319874e+00
4.656410740431933704e+00,7.599858113052157194e+00
4.945393199826936481e+00,4.913038885541232581e+00
3.658106029940853876e+00,5.634549902573117386e+00
5.579744104344892541e+00,4.790899899180518062e+00
5.725803290064765960e+00,6.081850502563654004e+00
4.353809259546546961e+00,6.499019656971604775e+00
5.486767993226442819e+00,5.435894762708918471e+00
6.128229002400533254e+00,6.652135090981717624e+00
5.694031013153697529e+00,6.012444763997532249e+00
5.627638469884153061e+00,5.977488490797621346e+00
5.655714968903365225e+00,6.461647818483946537e+00
6.462207935089809396e+00,5.667029193798198250e+00
6.073172000773626955e+00,6.391793794723109379e+00
4.964662077505678894e+00,6.153005764977468317e+00
6.853458528312353693e+00,5.752095783294095988e+00
5.977452600973032659e+00,4.474447109995312033e+00
6.362592550976790662e+00,4.591369070785961348e+00
5.534006956221361406e+00,6.374071781031052097e+00
7.412746609453536806e+00,3.998054596194575705e+00
5.444862471840677287e+00,5.226027555770613731e+00
5.660488055277190789e+00,5.413427215529906356e+00
5.957571963455816189e+00,4.940869519850034308e+00
4.448312791581052750e+00,7.549792694943803006e+00
7.431388684626457852e+00,4.954549682530005050e+00
5.881543868894081761e+00,6.212974218766475154e+00
6.721418901948597480e+00,5.637555135113301752e+00
6.626870460742716240e+00,5.553537185886387562e+00
6.775387622869187609e+00,6.086362756652661687e+00
4.718040457468586801e+00,6.371958811655794364e+00
7.582699304709954014e+00,2.801037943241806882e+00
6.167748656940026386e+00,5.594687094954658768e+00
5.623014015755710027e+00,4.714435615043671923e+00
4.701185080187386234e+00,5.196503380524278626e+00
4.401224153552178109e+00,6.166237992312899152e+00
6.413900002925939425e+00,5.293376680629135578e+00
6.093514960656405854e+00,5.083952867149019283e+00
4.538814922281719788e+00,7.052665016767022621e+00
6.712905278428238809e+00,5.251523770604318742e+00
6.309745929270008880e+00,6.564477475293543307e+00
4.808760343864495468e+00,5.412938833913781167e+00
5.018305559024687668e+00,4.698311307057688069e+00
5.440457818979434812e+00,4.608210771640908199e+00
6.653314221325555167e+00,5.751064222674743931e+00
4.432809642250729709e+00,5.762211632212445700e+00
5.700380898773648397e+00,6.653988318972370308e+00
7.217269776709619222e+00,6.181991022855052975e+00
5.483857193692482923e+00,7.138015221512475250e+00
5.827298565312595713e+00,3.757837501604401442e+00
