,a,b,c,d,e
0,10.590051028414171,26.191884652544783,-30.6340671708097,2.3643242579970356,Category 0
1,8.669479819537875,22.364264945403104,-25.52859545605759,1.558526953487981,Category 0
2,10.473552510364673,26.396606188054523,-25.77748273985269,1.8066739274608,Category 0
3,5.9469011817109605,17.069786934365734,-19.31169886369758,1.2073905220188887,Category 1
4,11.449457044946426,28.229418406822376,-28.239488645765988,1.0546860668247964,Category 1
5,9.16005816678422,23.213218070166548,-24.035343200290974,1.2328721083805978,Category 1
6,11.768469356398004,28.725059125797415,-31.05886499921697,2.171159226348653,Category 0
7,7.982466178497326,20.984785049518006,-23.00193313952641,2.7124055019373823,Category 0
8,9.71118323101877,24.984665754504164,-25.254298687991,1.1248604009542742,Category 0
9,9.705915606460792,24.025877911588847,-22.038089560391064,2.6830409517839113,Category 0
10,8.05099390558878,21.129391958027362,-22.320599939496887,2.584685646880323,Category 0
11,10.664337364048995,26.119591036077136,-29.442747747894824,2.1083414872742514,Category 0
12,7.44318090011517,20.379150333438776,-24.302518618751748,1.4021526732189427,Category 1
13,9.86133617166519,25.26174270655075,-27.030083825324457,2.765346228527673,Category 0
14,7.974300850815213,20.819280277282594,-23.742557158686363,1.7491622442680288,Category 1
15,11.336607161362284,27.483849787188888,-29.81565954217824,2.904061686937049,Category 0
16,10.116836158923192,25.032435525448392,-26.551782297193473,2.144253996765796,Category 0
17,11.941748611472457,28.64759697990719,-29.21389297062396,1.273045415550401,Category 0
18,9.537903350036071,24.271652311182685,-22.678756932184655,1.8358237269413606,Category 0
19,11.852425569974148,28.521934166981303,-33.215602168648395,1.7229764814599517,Category 0
20,10.93507798171954,26.560700795703315,-29.78902207435418,1.5307786225218982,Category 1
21,9.87799828612266,24.549738948074197,-25.160941380405994,1.8557254210929612,Category 0
22,9.762597341586194,24.430972249981835,-24.867413371613573,2.9584874706821513,Category 0
23,9.804406432384505,24.607463961397507,-27.044099437524036,2.0370320296605824,Category 0
24,8.119497023153476,21.23137588644591,-27.91127835144294,2.3235520477013045,Category 0
25,10.264984543839253,25.614517879227513,-29.438630946724118,2.236895483288989,Category 0
26,11.106511538658886,27.386275665988638,-28.703789489758872,1.3308453950525057,Category 0
27,8.092422752425044,20.81282103869329,-25.025020514189404,1.5194487821108411,Category 0
28,9.662354549687675,24.049515062228117,-25.329906754174957,2.0657149964869452,Category 1
29,8.63840820630697,21.817732983301475,-25.859458199059176,1.585725388509724,Category 0
30,11.244682648108268,27.923736917684685,-31.49507326711136,2.8881927778687175,Category 0
31,7.959870698182451,20.774443414926857,-21.525467945018484,2.3480813547337562,Category 0
32,11.860128493102737,28.740769808205624,-30.01458846251456,2.4036477241687657,Category 0
33,10.143662193648032,25.018138487477298,-29.714186338846698,2.7362936000354434,Category 1
34,11.031010269892334,26.84990353579864,-32.61087932797087,1.5825834993838193,Category 0
35,12.160056390882243,29.71361645272122,-26.489023700977935,2.175058310621389,Category 0
36,8.749833888192626,22.193400869406837,-24.465228355322626,1.652452245346172,Category 1
37,11.513500364192076,27.788955571408607,-31.947582212055103,1.449716875912194,Category 1
38,8.069864856660068,20.951610791059405,-23.23444127081212,1.2634573272469865,Category 1
39,11.24266003745365,27.132458243533467,-26.643612703231046,2.2789544862884563,Category 1
40,10.126408961545685,25.35076140022839,-26.174295379557954,1.8716578791328886,Category 1
41,9.695050095442728,24.654254526276617,-25.441684917397723,2.5328812576450597,Category 0
42,10.283180410354177,25.72609347536373,-24.72309924203094,2.402091681936514,Category 1
43,7.788044290329019,20.547544635458497,-21.205952232899733,1.4656646807225762,Category 1
44,7.101136734267243,19.330810825869282,-21.40146277569538,2.4576658980114905,Category 1
45,12.49848762374682,30.06976880188903,-31.219890922873027,1.641298771247717,Category 0
46,5.549464082498562,15.902035173840119,-15.805417384235142,2.904287162643935,Category 0
47,11.92510011805375,28.521499500092897,-32.51069445084331,2.6199528641345093,Category 0
48,13.528196740109653,32.08475967237292,-32.19532877000867,2.429857625214378,Category 1
49,10.280906926650687,25.550164513299485,-23.025889572682225,1.1247232495667987,Category 1
50,10.106519597477899,25.61118199884039,-26.041963027854916,1.1130699972874132,Category 0
51,12.992042747550602,20.14627281960246,-23.141405186784215,1.6924171979450366,Category 1
52,8.80319716273016,22.961974918727805,-26.317989940304827,1.991088713115141,Category 1
53,11.094414265331913,27.31112251696269,-29.824023558565663,2.0922514020246643,Category 0
54,7.0379684768833854,19.035523035944514,-19.655870161069707,1.6598857246722865,Category 0
55,7.587331331039707,20.387692962070293,-22.892140633432422,1.1567904615972207,Category 0
56,9.2577389522354,23.6408577994029,-28.415201773288608,1.619691805721968,Category 0
57,11.729231171461306,28.475839096887256,-27.48165614553391,1.3980413118999855,Category 0
58,9.285728968480807,23.748754651800347,-27.691041360220293,1.2954484173789862,Category 1
59,7.142628280012184,19.019811030368864,-20.490449037224074,1.0007419663357762,Category 0
60,8.597290958251783,22.472919092691765,-24.062695258000037,2.5643554197787424,Category 0
61,12.952015615588405,30.88908291248868,-34.55526843755593,2.2631913929034,Category 0
62,10.093501152046112,25.216232953259464,-29.017443958522037,2.431424388408619,Category 0
63,7.24445143687077,19.576581232853343,-17.653869713672975,2.2032479486886825,Category 1
64,10.164546178383858,25.259792909389123,-29.610870651173787,1.0530981632621326,Category 1
65,11.955908076787596,29.182699880482335,-28.8443189901276,1.1753231663890398,Category 1
66,11.416540864643274,27.880552307005125,-32.45025735530323,1.3451754216392733,Category 0
67,8.03032995366328,21.435613134945463,-23.81585542173943,1.1872244955801685,Category 0
68,9.194548264745873,23.175268792825122,-25.133313613045942,2.1893534796212957,Category 0
69,10.599414132142602,26.271476211079886,-27.944693860783477,1.7721049980412296,Category 1
70,8.570858500626064,21.807812231673132,-23.999028872985864,1.3529757790670123,Category 1
71,7.502347970813718,20.344959421098327,-22.14745621360564,2.300626170252871,Category 0
72,12.09350502593255,29.183201931216498,-29.354928125227712,2.033372653199676,Category 0
73,5.435591050443871,16.05988853692717,-16.884510348669732,2.5485103015313104,Category 0
74,7.878008295337285,21.201566334606476,-21.74108036892122,2.0203473658856117,Category 0
75,10.238022798786456,25.561498208536037,-20.287755404235792,1.1460804518875873,Category 1
76,13.207084088741295,31.247546657638235,-35.299692402512584,1.708035653398274,Category 0
77,7.888297219616915,21.163314162633096,-23.557104278184177,2.8256892801634796,Category 0
78,6.693326000877152,18.293447027348726,-20.78388018097139,1.7436951508910572,Category 1
79,9.925716045693928,25.255731916388193,-27.589527677037037,2.8594008469846948,Category 0
80,9.38582854388726,23.83884796632456,-23.50452135994968,1.4075135446829372,Category 0
81,12.172737384517708,28.954232226699318,-29.117264556980047,1.1338733066495867,Category 0
82,12.002385989121079,28.824650117584927,-28.010819028480395,1.0775133439884357,Category 1
83,9.819123440060734,24.58730163873053,-26.304878371293732,2.8597935155157996,Category 0
84,10.56929238028179,26.250165505772245,-26.81615245705414,2.649324086090351,Category 0
85,8.185417320987124,21.25794578638666,-24.670575596729364,1.2339819390085887,Category 1
86,10.764227390847207,26.55103118336136,-30.93679316450933,2.2977717056456157,Category 1
87,7.937650612506452,21.07128724837485,-25.343397074698032,2.659460629714795,Category 0
88,7.345406388583177,19.65211109668821,-21.042210143996297,1.3308841044630384,Category 1
89,12.250954058073452,29.7587690243751,-29.08584414431344,1.2982232071441357,Category 1
90,10.538599057614832,26.289302274761997,-29.334916207986314,2.6201217665457244,Category 0
91,11.513507371488739,28.030401252186696,-24.614857131965373,1.4445915423653708,Category 1
92,9.871728195277573,24.762115270589884,-28.509831840943324,2.5793658000454194,Category 0
93,8.718007976920884,22.63497756840545,-22.62656037735747,2.5030904899868194,Category 1
94,10.586246193450204,25.751843043319827,-28.26067695475695,2.3519267952298644,Category 0
95,10.113316492692302,25.136405702987414,-27.600410520216705,2.892802604712781,Category 0
96,10.63674413579438,25.827833841484615,-26.129641143299747,2.1689309009736135,Category 0
97,11.857536062217292,28.930301443437106,-33.22695962808775,2.7735808825653825,Category 0
98,11.742311264891905,28.085997326206005,-30.84624020005813,1.3160028810657793,Category 1
99,13.529812363128165,32.01405637643366,-33.00582996667935,1.5419049222414485,Category 0
100,8.91458042304172,22.914927502944597,-29.68075901130026,2.1514665689386514,Category 1
101,9.92577190928809,24.78422833374254,-24.01725060418454,2.8865323778827436,Category 0
102,9.065100786833451,23.213195831455224,-26.85756372091753,2.0536421578521518,Category 0
103,10.841943531264322,27.0420404791858,-30.31875758609601,1.4412944161601582,Category 0
104,11.271469460883125,27.249697643949975,-29.03491768983765,2.7382304224570957,Category 0
105,11.062015958014292,27.02666313144925,-29.609904713369634,1.7528647220311064,Category 0
106,6.968534149765671,18.808622742680974,-18.610908350931044,1.4351795979291804,Category 0
107,11.368365201329667,27.920584116401333,-29.91480343276763,2.4539636395650684,Category 0
108,7.9901396773918805,20.67479773430629,-23.861167250184145,1.1658000672813857,Category 1
109,9.873602560525347,25.411158879145123,-27.220338804892997,2.2486053566133455,Category 0
110,10.333727542962542,25.602114998799706,-29.61878884234194,1.2686070605524002,Category 1
111,9.32909007426482,23.564368926277485,-24.557720741802942,2.699185272052813,Category 0
112,9.328247512659438,23.829659662207124,-24.420622227246714,1.5053523401563076,Category 0
113,13.92123834164946,32.51739627105659,-32.86601872414835,1.4044036365797075,Category 0
114,13.984174971491022,33.28498326201084,-33.09073871704256,1.9179571049300523,Category 0
115,12.67538858031477,30.096099790948845,-31.993774785319143,1.4396311518461693,Category 0
116,8.563677914239031,22.087114824904326,-22.727100486474853,2.441240664410011,Category 0
117,12.034628387403052,29.17675449499639,-35.126369934529045,1.9172565688010994,Category 0
118,10.695881004184573,26.66587469489781,-26.82160721623404,1.7276134684027977,Category 0
119,12.295535116983778,29.229031398503338,-33.57344559007072,1.3808019641177998,Category 1
120,10.952338528415751,26.87300759280394,-28.074329119806013,2.597058403540548,Category 0
121,10.06625687455185,25.252944150282673,-27.615238802614616,1.612369423965617,Category 1
122,6.549698430733902,17.851826184821103,-19.562246188585345,1.5021300860264504,Category 0
123,10.296678513975856,25.204404478636267,-28.15596627496353,1.3144556613229392,Category 1
124,10.93954105821053,27.43867365989751,-29.140590420747934,1.7469861759393677,Category 0
125,10.008025244221738,25.24482414218211,-29.228256616846416,2.5188980304749493,Category 1
126,9.32867031255617,24.172477971102666,-24.452066518036297,2.5879390773739326,Category 0
127,8.345682214242727,22.09106382320812,-21.389414795078835,2.661406749774449,Category 1
128,9.8444365558411,24.510386019161064,-27.78553025879831,2.422752194926826,Category 1
129,8.716310442752889,22.653647796133132,-24.528438295115876,1.8008634616950436,Category 0
130,11.439756219150135,28.183042349176457,-34.294712062213655,2.814469444737134,Category 1
131,9.057090378698684,23.15150640585019,-27.56871372917198,2.7140232944967595,Category 0
132,8.362865620796773,21.77540899807847,-23.141405186784215,1.2397739133542216,Category 0
133,7.9414670021670775,21.008308979382456,-19.58037852340597,1.5017457777656447,Category 1
134,7.058372068706068,19.19936689623076,-23.648896291830937,2.6514991961864247,Category 1
135,7.549237835439293,20.123361494240505,-22.711107280162334,1.1823532284371163,Category 1
136,13.699192136845536,32.3525057215784,-30.90239658691424,1.2822674309746391,Category 0
137,11.227710630367472,27.48207956660564,-31.260208163360783,1.188136541545403,Category 1
138,8.410340744636512,22.35979755165815,-25.77101944754607,2.7298886165731187,Category 0
139,10.488105023073533,25.858084594943975,-28.67630769139919,1.2488882869057738,Category 0
140,9.152193954262861,23.412292368033224,-25.794150620042238,1.5910944200137995,Category 0
141,13.3759206148342,31.794814376978824,-31.90608471308409,2.0115370646440285,Category 0
142,9.66038139292052,24.985963812577232,-26.230343883325126,2.6444646932502396,Category 0
143,11.723440600507958,28.538295884623555,-32.71644704504997,1.214926439676186,Category 1
144,6.36907597623625,17.770069547395074,-20.34551918684682,1.39109851271351,Category 1
145,7.2910714307668325,19.77955138516582,-23.421415695693177,2.170985038076216,Category 0
146,9.623010464765393,23.79588667686351,-24.5630986494742,1.222638345805806,Category 1
147,9.899975369653545,24.734425602706168,-27.594872283534308,2.791584507381986,Category 0
148,5.430028836290069,15.995840423349232,-15.097744441366235,2.216945145059143,Category 0
149,10.954515539872519,26.601582504417742,-28.447427867534994,2.116663317703039,Category 0
150,8.528568913699615,21.58255089392732,-23.218709315512225,2.6683662848444594,Category 0
151,5.870757606827692,17.36017338264362,-21.04744384686785,1.7782585254329029,Category 0
152,13.302921127862742,31.802686201716828,-31.55090590164945,2.1100062906931667,Category 0
153,10.864868623480028,26.926908299231037,-32.13640783204148,1.3994343875418394,Category 1
154,8.43761395564289,21.944288181856283,-24.222827602056608,2.6653773626787416,Category 0
155,10.751092574604291,26.10902797821638,-26.04537527775213,2.9956724426717076,Category 0
156,10.597012332348326,26.160643560255746,-26.41227842923763,2.086378597475469,Category 0
157,11.309297093396758,27.662705150631073,-33.33977341846296,1.8142850206301033,Category 0
158,11.073569259344133,27.401615160049463,-26.680707281642018,1.500537382793361,Category 1
159,8.726175287612453,22.352257668563126,-22.958708160456663,1.512285395668585,Category 0
160,11.156428999956116,27.388679229997983,-30.016915797594457,1.1906632266539972,Category 1
161,4.238108304699432,13.649189253595123,-16.149570702088454,1.905442223508773,Category 0
162,11.98826541608224,28.941894412624105,-31.17108053746269,2.0316464349192183,Category 1
163,11.023670948714711,27.0331266900809,-29.095808446592805,2.3667557628895346,Category 0
164,6.933276589306848,18.996081975770334,-22.91762530380552,1.4267230972567515,Category 0
165,12.969937615880166,30.580423394667445,-33.10665670161153,2.6454374590366143,Category 0
166,11.346300387172755,28.104947512593238,-29.90914770883931,2.0069092135651956,Category 0
167,11.74982916175955,28.884963665757503,-31.27736698922428,1.2993622219131955,Category 1
168,8.773401581163235,22.425011412023434,-25.242635444993443,2.963192468124026,Category 0
169,9.062168391084919,22.952290092675238,-27.297186639240433,2.262980245895421,Category 0
170,9.987582687237955,24.795224178009278,-25.333633838563458,2.2718789767136203,Category 1
171,8.44594189922041,22.07446565902205,-24.369202054202393,1.3944870257578397,Category 1
172,11.381143003703475,27.914756759568625,-30.960612381089224,2.676233656911686,Category 1
173,9.026596276057832,22.62591228849704,-21.614800639141343,1.448980041986305,Category 1
174,10.640043922474742,26.242877203823124,-30.184506804672406,2.0245887884268337,Category 0
175,8.182378068591698,21.56046513684486,-21.492060136879036,1.0531190108784185,Category 1
176,8.617738421194941,22.59582974610398,-25.41517556558684,1.1603634563762855,Category 1
177,8.844213139362704,22.721548079201817,-25.58798241593201,1.5867778629337932,Category 1
178,9.229317614972171,23.554739432965473,-27.269783070163275,2.236431912335062,Category 0
179,11.20766354863758,27.24187142875552,-27.976032910625154,2.8546263821954136,Category 0
180,8.233245683497401,21.617435908879088,-25.63799048131099,2.792988957414897,Category 0
181,12.232176515091917,29.235411346702396,-32.800942502628395,2.507960370570468,Category 0
182,6.9443285858103625,19.084210412486666,-19.456663768716865,1.7105743663490887,Category 1
183,9.977603898587533,24.877284663734848,-26.586565540880322,2.7130748294603926,Category 0
184,9.88465888642644,24.880401443690104,-25.520431157375747,1.6132133004961593,Category 1
185,12.036394644958067,28.847867241070723,-31.945076239989856,1.0917571502728085,Category 1
186,8.400955003332102,21.566933372259097,-20.59317226218472,1.3950746686332083,Category 1
187,9.012370084633245,22.956021894737955,-22.646767066212384,1.5502777712932452,Category 0
188,6.472639703420688,17.654383623997187,-14.018774378532989,1.9504315085004784,Category 1
189,9.328135656095496,23.445417163000236,-28.08460160994513,2.5805412055352814,Category 0
190,7.786029191086699,20.585494399783904,-23.924685448878037,1.2315968948786902,Category 1
191,8.138182394685774,20.96697569873349,-27.906864107006502,2.0327659284362802,Category 1
192,7.09945201624781,19.367235114258314,-20.131204055346878,2.5694185421003706,Category 1
193,6.61568560435631,18.43461534138788,-19.573724721824608,1.14065913380481,Category 0
194,10.131607299680295,24.952350780986578,-25.83475037423488,2.633916240924226,Category 0
195,8.61154034219094,22.62063665927704,-25.06814179974534,2.321732211403993,Category 1
196,12.152824425579452,29.995157133364515,-29.909793993275315,1.6614114062325827,Category 0
197,9.887663664653648,24.73866566812989,-29.702808916689452,1.4298711608492685,Category 0
198,8.094152400740523,21.4974973856063,-21.584071985882673,2.29632965221125,Category 0
199,14.490719158753683,33.86884249380342,-38.38787035280031,1.802234266006763,Category 0
200,13.79242269237082,32.77160796037689,-30.670651659393823,2.517402699190666,Category 0
201,14.096585863118314,33.048041082415814,-37.963778131588924,1.1187668324108435,Category 1
202,9.5849870375327,24.00538972268953,-24.933075962200054,2.374108910616059,Category 0
203,13.694178918080546,32.48313588389047,-38.17307966650455,1.9618487278433232,Category 0
204,10.213213469766098,25.55164360235431,-28.61508393194552,2.03602847908925,Category 0
205,9.942982305279427,24.90162589445881,-25.53824425885245,1.751249229512239,Category 1
206,9.012115652933472,22.642561039055703,-24.71562938734202,1.7749056176276063,Category 0
207,9.25580329304719,23.79264358247029,-26.782512877961267,2.210941046120303,Category 0
208,7.925671750680965,20.70307294822368,-21.753758057629923,1.5164441277670506,Category 0
209,7.231873101353025,19.41551042442048,-22.81673788125883,1.164631717696481,Category 1
210,10.583370933102529,26.552942227334672,-31.828277028067134,2.092082866647067,Category 0
211,13.000956906736421,30.668291491198186,-34.59326418267294,1.3595693001185045,Category 1
212,9.603077014092166,24.106457179894637,-23.546582291329372,2.42503001589351,Category 0
213,9.60360074287484,23.951109326041156,-23.72975299722103,2.8451787611229853,Category 0
214,10.329432897918691,25.376560899166392,-27.901359244874754,2.9482540813448948,Category 0
215,10.323780893208902,25.607420885979597,-29.304903668829173,1.119274780722697,Category 0
216,9.748394590909857,24.374563173597053,-25.57458183749629,2.663422602523309,Category 0
217,11.409007404661727,27.893017110592126,-30.516722925446828,1.4116208302696056,Category 1
218,9.825031260533121,24.819036611775818,-27.351924089336272,2.7799490764575765,Category 1
219,8.885732881489506,22.56378387652234,-21.14787231155513,1.209833170192428,Category 0
220,10.764299054341324,26.67827159694915,-27.209792570989983,2.2446555338801275,Category 1
221,9.795259054773998,24.529932767507397,-26.783199059229766,2.665040333314353,Category 0
222,12.739779991020743,30.3863094155455,-33.223644676525545,1.030081271479103,Category 0
223,9.846951462354582,24.84351347274174,-30.925985428680963,2.9066205987454525,Category 0
224,9.38238315469323,24.151654869280378,-26.772328472384416,1.4575340158896697,Category 1
225,7.762259057846431,20.47440936727432,-22.59954798129587,2.3388183851549504,Category 1
226,14.657997440035803,34.18710278995832,-37.41268677668179,1.6339411745384156,Category 1
227,7.78754313636476,20.56747589594505,-23.17508823659294,2.0763050325070322,Category 0
228,10.869746708428012,26.751494779120346,-34.150236547074215,2.394984336900661,Category 0
229,8.558645320664905,21.83071473956001,-22.790031415497104,2.435323402213882,Category 0
230,12.026320267308567,28.858330055367603,-29.933635210553383,2.7579369891922827,Category 0
231,13.19888072595657,31.410672475783322,-34.574712122920836,2.671878582367004,Category 1
232,13.33608088114644,31.413361233272532,-33.66166861991682,1.3850781853742786,Category 1
233,9.734171894070068,24.498730539530694,-28.923963210074476,2.2864910647757277,Category 0
234,11.246669393116694,27.382297990717554,-27.18715066110312,2.5587957070606233,Category 0
235,13.66571030789685,32.24771017742776,-32.11059861049396,1.3665265313947388,Category 1
236,9.979731427455478,24.80235750214541,-23.864742681850448,2.026940329377073,Category 0
237,6.317839452104487,17.54570537701537,-19.241591764823244,2.748340529035813,Category 0
238,9.98208439182474,25.01366279279634,-27.631816345983946,2.5708479248175626,Category 0
239,14.22696178754587,33.09393054417664,-34.55203407549483,1.0418704829992205,Category 1
240,10.171061549584646,25.196265409003974,-25.198307967052777,2.5390750427490465,Category 0
241,9.515672806491345,23.85407197411405,-27.391342222756162,2.096836155350993,Category 0
242,8.00564825963408,20.97166704655269,-19.866732916376826,2.229450977213894,Category 0
243,12.123449994230965,29.30049035571579,-30.15441505174022,2.7668046575735783,Category 0
244,12.182754150277134,29.34682554515656,-30.538336376791168,2.618758776379349,Category 0
245,4.925119699680495,15.25027880238249,-14.74652695222565,2.556867602489442,Category 0
246,9.914446625527754,24.918172881295995,-26.955417876590012,1.5611400735054544,Category 0
247,11.835346628152966,28.324468914310057,-31.22347410734039,2.795113366791395,Category 0
248,13.289191646195743,31.400825137383237,-32.70667900929861,2.242989699094316,Category 0
249,9.410058148822078,23.809196884281516,-25.48918163164577,2.034654620082755,Category 0
250,10.620782040882894,26.09561186528218,-29.184980651135984,2.8553661334119456,Category 0
251,12.085519564454735,28.99839820480379,-27.890419902558335,1.0989301765986967,Category 1
252,10.532062211737392,26.00878166070537,-25.435064062390605,1.1631727702884804,Category 1
253,7.500476304101738,19.442430464565945,-21.498726566922564,1.3015200024981304,Category 1
254,8.01900216029725,21.302994253195727,-19.549286069312174,1.6605035643881958,Category 1
255,7.809979304054448,20.417870419353903,-23.265461930112284,1.4437470454302002,Category 0
256,11.429031315365851,28.032465214447765,-28.675678481959434,1.4470846746821022,Category 0
257,7.858461271337477,20.602961622557412,-21.74972195632447,2.4738295145934144,Category 1
258,11.318645851344243,27.688548164645155,-28.87733191407028,1.6057748034830788,Category 0
259,12.467519274163529,29.876013804057877,-33.530179044056595,2.970489941466229,Category 0
260,11.163491968610911,27.472781122127945,-30.56174082120182,2.3508422693738016,Category 0
261,8.645822100609651,21.888327399580838,-23.26355945327685,2.622807230627208,Category 0
262,9.552909696415107,24.452748813724913,-30.616322303981434,1.291187175958641,Category 0
263,9.301613403930816,23.715469518564465,-24.383569067135824,2.5795712286749106,Category 0
264,10.715215190162603,26.3524389604385,-25.58108027402595,1.865401832098619,Category 0
265,8.918524172738428,22.974326408048043,-24.66546809949557,1.299063797602832,Category 0
266,8.431500418751316,21.82620215151972,-25.147906253575453,2.6656910640227665,Category 0
267,12.367795396509507,29.517049473224343,-30.748148859319766,2.249988770311337,Category 0
268,12.25643089436755,29.61435385081219,-32.304054430015164,1.1548947751442473,Category 1
269,8.996524965337663,22.925641906436734,-26.10446793056033,2.4884836156250385,Category 0
270,14.14690010257515,32.96455682932108,-35.83733246009959,2.7618890875818067,Category 0
271,9.1815681379437,23.554424209107577,-26.72582233738633,1.099229830516703,Category 1
272,9.088743759198795,22.723269473893268,-26.246650430098406,1.6033832201925142,Category 1
273,12.646978971259294,30.50802433288935,-33.37433836331255,1.6737712582323518,Category 1
274,11.151087541899203,27.381213965661452,-29.59205468662328,1.7570717331746153,Category 0
275,10.491363385918342,26.213171602679214,-30.511080881987084,2.2109137578136,Category 0
276,8.980946370776152,22.655057654263633,-24.691678696291614,2.845072708866803,Category 0
277,7.358772232815417,20.13180292552919,-23.854850522456474,2.5255513833048875,Category 0
278,11.492268889100465,27.95227497591967,-32.19420328272927,1.7294527744167825,Category 0
279,11.607941016335602,28.632333682661606,-36.3783138765556,2.9051754827067064,Category 0
280,9.599913051752608,24.279982826180582,-27.65561459666561,1.8024197209269452,Category 0
281,8.292411107472617,21.62331452708225,-21.251836221637976,2.6340846906794644,Category 0
282,10.963115226590237,26.857457275380487,-28.80425979386686,1.8086938828100043,Category 1
283,12.085562044188013,29.021093286138814,-30.81155526028688,2.2119930578270326,Category 1
284,12.67287639800339,30.896520349169066,-35.9942838859433,1.454951609883712,Category 1
285,11.787220023315836,28.38817539311385,-28.64963657751401,1.1391090666394015,Category 1
286,11.037397684274998,27.313880183400826,-28.51955634440473,2.3226773825486244,Category 0
287,13.949055320230993,32.85482609665288,-33.65864394514287,1.8997080880864274,Category 0
288,12.237069067252007,29.674968187703822,-34.278815560927164,1.663112154394985,Category 1
289,8.259339132215667,21.2054915020973,-24.913667570509787,1.3543433857088174,Category 1
290,8.89086695385809,22.63008004828751,-21.406221843575164,2.7015993596616408,Category 0
291,8.884380994326643,22.949247689961254,-20.46520676632541,1.9268933673024695,Category 0
292,10.693159670650859,26.497599713696463,-25.753413679045153,2.994268200726302,Category 0
293,9.995553962584781,24.65750056434616,-26.842781986355558,1.4986378133640492,Category 1
294,11.331394742245234,27.44339676791711,-28.34190076751119,1.7184479151553897,Category 0
295,11.532839357697608,27.84725542756866,-27.63655577208519,1.865215271075366,Category 0
296,13.158566998284396,31.558570167843516,-30.71066127883445,1.8121601892385544,Category 0
297,9.678144280707043,24.415709373884372,-29.23524091830224,2.0035846566689166,Category 0
298,8.625228939130952,22.02535725313997,-22.476865532813523,1.7559514543771992,Category 0
299,10.312390037336396,25.25936699357198,-26.449106297740688,2.6407429314203608,Category 0
300,11.050270363241696,26.871937828352742,-31.29307651686315,2.2608386779977376,Category 0
301,8.969515202032007,22.996089890147505,-27.485322550414473,2.8989182690121194,Category 0
302,11.757133822236923,28.611107420675975,-29.39444561165661,2.8079706948585956,Category 0
303,11.093441546066913,27.114823476085345,-28.577550029342873,2.626939140438731,Category 0
304,10.444113922927864,26.125036775990562,-26.852027373300633,1.9321633965858243,Category 1
305,9.784991616014437,24.29035000589514,-25.225113962821904,1.2708751464895034,Category 0
306,9.173160233528145,23.576410641001484,-26.287590806901388,1.8696388053218795,Category 1
307,8.7716174496435,22.47831903309774,-24.30766407164149,2.2025596228247433,Category 0
308,10.884353904434363,26.570857331517228,-28.605307449417563,2.6371073755896948,Category 0
309,13.042760165772519,30.88344356681344,-32.14163640038747,1.22600343848199,Category 0
310,12.196785839811886,29.57314674917035,-28.917472339231388,2.295881644763524,Category 0
311,10.713615996938003,26.365040819190106,-25.132459013291086,1.4800523199156808,Category 1
312,11.231104420562914,27.476966278522664,-32.66143076086989,2.7934281083839894,Category 0
313,6.917359237920067,18.81070559085662,-21.703887952135787,1.899419603183264,Category 1
314,11.123246398053753,26.78377037655227,-25.913887881418574,2.1429467519294203,Category 1
315,6.8284772391827655,18.67261889980453,-17.76311828210155,1.6513481660991216,Category 1
316,12.209397268393895,29.292945382082845,-27.01647280746213,1.3640539639083138,Category 0
317,12.02857883372612,29.028532846498507,-35.58585446474732,1.7331360336772708,Category 0
318,9.466378165868752,23.483297313855473,-25.503132452843566,1.0893368654547335,Category 1
319,9.425784444529139,23.7848564856933,-26.16556258308683,1.7711801629746973,Category 0
320,6.999137018257604,19.04747651222887,-25.16850980629386,1.4906703204728908,Category 0
321,10.10888682285684,25.31696529604712,-27.140147495870405,1.9481580562578877,Category 0
322,7.036376180793161,18.79534724393968,-20.613846942534856,1.6115054452736088,Category 0
323,11.89768538612573,28.63578976401991,-30.75969316363782,2.7464070387489077,Category 1
324,12.341833543339575,29.573264855602652,-29.837707317457067,2.6810758890868733,Category 0
325,8.356844735186137,21.467583715931582,-25.75281059553448,1.651917220337753,Category 1
326,12.432445395903336,29.414347844231607,-27.316354741883362,2.4793291241099853,Category 1
327,7.245226923425983,19.544325515618606,-18.571018066322367,1.778787674113865,Category 0
328,10.59725902909729,26.038724519001693,-32.32387679739916,2.462722713668476,Category 0
329,7.691448510529426,19.973033744260174,-22.885599335872605,2.4156323092464276,Category 1
330,10.895358455070525,26.716584380217803,-31.16713301868368,1.127716966784812,Category 0
331,9.350578676301103,23.64135271518513,-26.930982838226743,2.394608306333433,Category 0
332,9.518429032364107,23.61631054579844,-24.747390231091728,1.1583498608274982,Category 1
333,7.814013059813213,20.681839161052,-22.419109331919323,2.07009987922309,Category 0
334,11.067417389382197,27.167079891014374,-26.228612513943602,2.0428372127069845,Category 0
335,6.623561377612325,18.140158714155746,-20.95314281204087,1.2994185465873824,Category 1
336,11.123948453593265,27.536529860765658,-26.28965690064437,2.346625841285361,Category 1
337,11.10069313182456,27.35393103001244,-33.50509543125028,2.230398848913932,Category 1
338,11.500352217509185,27.482761842540373,-29.0064610327335,2.8607878307845045,Category 0
339,12.73611364954491,30.67556471074289,-32.80615897306429,2.7755383210759357,Category 0
340,8.776234542395418,22.681990175139823,-24.536529984483977,1.6303871842496347,Category 0
341,9.928513884399797,24.92167012459036,-25.156904562857292,2.070088237423013,Category 0
342,12.49394571782319,30.145595830374933,-33.406703605846985,1.8927834236807521,Category 0
343,8.252865133966658,21.611274532553555,-25.82155657719841,1.8383251173704465,Category 1
344,8.475146392364106,22.107458505819924,-24.50098877415505,2.0586111489864445,Category 1
345,12.181611276427342,29.18178650800605,-32.50101742626668,2.9850653906531353,Category 0
346,6.446200409250664,18.107951862753787,-20.77557541127212,2.6071479691469253,Category 0
347,12.762122502756574,30.4197143237243,-32.53075947917525,1.9027934236436255,Category 0
348,8.57227281905886,22.204448450060728,-23.74645212981701,2.5702743495663967,Category 0
349,9.09274921543821,23.222093943538873,-27.301174434248725,1.929361133458165,Category 1
350,6.092869395700486,17.13159241328185,-17.80240358075294,1.8041470841004108,Category 1
351,9.622934623119251,24.607194837356232,-24.15355931263292,2.69216015623386,Category 0
352,8.62083101476605,22.08245967717961,-26.126755855580843,1.7135669680692918,Category 1
353,12.309774057887534,29.56759373747408,-30.718785948253036,1.030707765199637,Category 0
354,8.086790071585941,20.872262175194876,-22.360122623297883,1.0676189618574092,Category 1
355,13.134288630587175,31.120172856219185,-34.18443678407571,2.8399666811691775,Category 0
356,9.945773425756446,24.95884118298561,-26.389131975309308,2.33952612038666,Category 0
357,9.830915087002813,24.360424088292838,-24.49920294900821,2.449776099303098,Category 0
358,10.96900562133631,26.89571753199487,-28.179183593082186,2.5039718592386775,Category 0
359,10.225486260550404,25.42071008109359,-26.175945757978955,1.708158244201486,Category 1
360,11.113758193480061,27.33508051975181,-31.320234780091013,1.990747482246711,Category 1
361,6.217638575313318,17.380474177320533,-16.392027636820508,1.8538392653534457,Category 1
362,12.779319162355668,30.670253104691227,-30.017465699119,2.3273948281554224,Category 0
363,8.561011594081462,22.312538479624823,-22.89136448181402,1.5348487511776605,Category 0
364,8.083566401470172,21.348906400890872,-21.23720771286186,2.7280600742885994,Category 0
365,15.3931658158802,35.35692651938619,-42.966944530107725,1.5549765620316034,Category 1
366,11.08035087593043,27.176017276050864,-27.110852512732738,2.3408635873881853,Category 0
367,10.431238501694398,25.79512287009417,-24.606737142005944,2.3655358774377975,Category 0
368,13.772958858114887,32.814055061516086,-33.29006270983968,1.1287715171863049,Category 1
369,9.309277554799078,23.513251537959658,-28.484778059094573,1.0515499177323426,Category 1
370,9.864918282786471,24.79628371150097,-25.458635443725697,1.7635554019610808,Category 0
371,9.902937939414814,24.41158127147923,-27.36843688680595,1.9144552656101999,Category 0
372,9.111298238987892,23.338220669284485,-22.362389527784963,1.3547615086028097,Category 0
373,8.117776809870794,21.36806806149098,-22.846852557991777,2.3498949625167898,Category 1
374,9.999422262516584,25.154114893467895,-26.68494690502703,2.4918874669596285,Category 1
375,6.680613614007824,18.40534453426203,-22.050569964954065,1.1427331845830118,Category 0
376,8.121536401969758,21.627720132824702,-23.79298467913572,1.6628867572818657,Category 0
377,11.762817309892732,28.851004833905705,-30.494519012530393,2.9972986965494677,Category 0
378,8.510967427893007,22.216510073359466,-24.905216726794688,1.5076157798440981,Category 0
379,12.005083492404946,29.191715834503963,-26.769092167797957,1.8338754416102085,Category 1
380,12.364121620751371,29.990107062693365,-30.93378782891949,2.360925297353525,Category 0
381,9.382148976334356,23.76081533501544,-28.067428549235263,2.3021965185179276,Category 1
382,11.661455387092683,28.96411389028012,-31.553907077517866,2.626934997583232,Category 0
383,8.076259064724079,21.312712681535817,-24.015195441521048,1.6524329878062098,Category 0
384,10.25006855704111,26.003717083730862,-26.615188987622208,2.2866015608858996,Category 0
385,7.378867637911998,19.721014213940506,-20.122659336608407,2.1003763829011373,Category 1
386,10.968109213305278,26.836996765319736,-27.810883106074233,2.7362323132034803,Category 1
387,8.56007638172302,22.083343832221587,-27.242561012334576,1.5980551537570067,Category 0
388,8.761448551650709,22.87860600465594,-22.74263157541092,2.3437699592542005,Category 0
389,9.13622363040351,23.301398391116905,-26.439799119130896,1.4011041739234305,Category 1
390,14.416540864643274,24.58730163873053,-22.66058720993067,1.9621930582876428,Category 0
391,12.527967329747957,30.192620809962225,-30.20035130910508,1.5723888654010258,Category 0
392,11.227897287292356,27.350250368445256,-28.360835090484827,1.9468432525321968,Category 1
393,12.31955637188036,29.293528795003986,-32.34919003819491,1.0653008195857052,Category 1
394,10.671408203968538,25.908772321837336,-28.096357254391616,2.0047899516269756,Category 0
395,7.376947708112767,19.492618440630135,-20.892671334468687,2.136586686159937,Category 0
396,10.715231610945517,26.32814115661716,-29.792811281315295,1.6393190590363933,Category 0
397,11.718574095228869,28.716983203535754,-33.86523538569818,1.7344980404241475,Category 0
398,8.1298512278013,21.10731268465848,-24.583259411931216,2.0226686761003427,Category 0
399,9.499569154373447,23.731190262640908,-27.346893017640973,1.6470670923626272,Category 0
400,6.968912483579981,19.063670557592143,-22.462862202073744,1.9655422625731809,Category 0
401,12.300234699573654,29.926317114358067,-29.778576942678225,2.4624376944204154,Category 0
402,10.120526441772117,25.51624778543571,-25.562431362115923,2.009610906664151,Category 0
403,9.104718986594332,23.198575200307825,-23.22909681116482,2.515491654128293,Category 0
404,6.828995206899723,18.67428047253272,-22.68680585516607,1.4193479073030781,Category 0
405,9.343409286438611,23.556026372682375,-26.764627782917763,2.2663780657671895,Category 0
406,8.342976083653026,21.73586475242943,-21.12853133676244,1.3216093427618423,Category 1
407,11.098805795393272,27.272538154381092,-29.77239424698733,1.8755978068436432,Category 0
408,9.806549043221654,24.882236524902556,-26.400362111526242,2.013565881093213,Category 0
409,10.49282373942286,25.857911611140036,-25.291646386133934,2.7618202426197183,Category 0
410,9.509160247131437,24.06040923281946,-27.878390012324623,2.4639269224801055,Category 0
411,13.001273426132846,31.199131297326065,-31.745189715416128,2.4605760814955833,Category 0
412,10.183346208989894,25.788075543622497,-26.915690715976954,2.465850271796713,Category 0
413,12.143498788224777,29.346795421557047,-31.02408113966903,1.6924171979450366,Category 1
414,7.325267450339327,19.62564443085414,-24.391010769117827,2.5736039393296446,Category 0
415,6.437230321127069,17.465682468438246,-17.604575056087548,1.4171471051712694,Category 0
416,9.948530016833402,24.91493229956569,-27.435063145181616,2.233506419707548,Category 0
417,7.326870180085961,19.539065327160472,-17.3697611258755,1.2393773845486735,Category 1
418,13.640556724735397,32.636540682924334,-33.36218280709555,1.5260529855069886,Category 1
419,10.359320721179447,25.866016805250513,-31.96520779244126,2.191358169908044,Category 0
420,6.517947149919403,18.360137851163092,-21.44323189008962,2.9415506528350877,Category 0
421,7.909374910350593,21.28385152230769,-24.463187944805018,2.7925259621110134,Category 0
422,10.593543141316076,26.01040989304148,-28.547576330519007,1.149277336157091,Category 1
423,11.515526246326033,28.196332675697825,-30.153647936160578,2.6256849736730126,Category 0
424,10.061780969294363,25.300073592171547,-23.964322066095225,1.9940186317371529,Category 0
425,11.887887282398506,28.629625234070435,-31.442058517348023,1.9819790127896841,Category 0
426,9.014240426600102,22.723056514699103,-24.390689875486053,1.2497082416014456,Category 1
427,10.908293313771594,27.208863301217903,-26.569951104245717,2.405381313317332,Category 0
428,9.199260515107714,23.09870995336609,-21.938405548675487,1.5646691448912642,Category 1
429,7.755871069169565,20.435017947502693,-25.53659777849241,2.49367657148834,Category 0
430,13.110480588970612,31.342783674110436,-31.091260705384748,2.1067291294068076,Category 1
431,12.23944173554577,30.05256885880083,-27.442550785551337,1.2052328877159204,Category 0
432,11.679859168348873,28.008371172998668,-26.635496848162514,2.6777991706675177,Category 0
433,9.217393167934727,22.79755761045484,-26.119361197506848,2.280503773638956,Category 0
434,8.520998186999625,22.09216935858074,-25.687213343316117,1.1162853258852379,Category 0
435,10.660446308030059,26.123562039878234,-30.570169910393947,2.3091926791441124,Category 1
436,7.947725157375741,21.251021765451515,-20.94982110006357,1.1551532228918482,Category 1
437,5.467826491517134,16.334274807714266,-17.401120136340907,1.4798093758209772,Category 0
438,10.279062580232056,25.54402448000264,-30.13103163453512,2.256239533262693,Category 0
439,8.182263950259287,21.34422439157886,-22.66058720993067,2.4062715762059823,Category 0
440,10.157229368054244,25.346414227760103,-31.45632636156352,2.1489968864851337,Category 0
441,8.509746566869703,22.057844876725564,-22.260068129085976,1.5660199649263216,Category 0
442,9.104171184495533,23.37581346045343,-24.14021327167839,2.170329311051936,Category 1
443,10.716289512803147,26.065498474031486,-29.04024832289767,2.736057743598419,Category 0
444,11.804128088610033,28.525609686861063,-33.197414617626364,1.1546938128376834,Category 1
445,9.821262758293319,24.271433445299508,-28.49994763148714,1.3525323975022912,Category 1
446,11.672167356614203,27.948647569216593,-33.51476371489538,2.1372902055313805,Category 0
447,12.199636892920413,29.606712821576888,-32.41030347451202,1.8224961258383876,Category 0
448,13.740756961196167,32.697782938215326,-33.27718149755869,2.3803812460319387,Category 0
449,12.53172878153152,29.88614706240872,-33.74093183022974,1.1120479119592217,Category 1
450,8.099753644625178,21.244372666489827,-24.900558842851353,2.7800246187093687,Category 0
451,10.824242003964471,26.788468124955322,-29.373317167655337,2.1536581392785625,Category 1
452,12.2848915195876,29.836484891872068,-31.276565076437358,2.083427592836559,Category 0
453,11.088121681064255,27.434001544082875,-29.960075528646502,1.0846179935242692,Category 1
454,11.338173793942696,27.293780435634343,-30.213511581786562,1.2781934557540364,Category 1
455,8.215228228434711,20.98675455520918,-21.423000186175546,2.050230772797513,Category 1
456,10.200083384473883,25.10256959572958,-25.134214100175132,2.4395420084450774,Category 1
457,11.607487768546369,28.096382869826503,-30.690998241400955,1.805674987759662,Category 0
458,8.903784072897942,23.18475838363784,-24.04324780409417,2.8469807174062227,Category 0
459,11.169588267386569,26.977869723029873,-27.101232493079497,2.757409861067232,Category 0
460,8.100072274386559,21.538963233997006,-24.070767324197792,1.8702970452342254,Category 1
461,7.448126676847988,19.39084340038049,-22.810102447024892,2.163486008451029,Category 0
462,9.11559515461695,23.441849232489957,-27.39934985499752,2.1956450453547203,Category 1
463,7.8637004184474595,21.1375938767083,-22.879408678678306,2.5537425244610628,Category 0
464,10.862572062397742,26.434582924550348,-28.24484457780293,2.567148565874997,Category 0
465,9.129474721987327,23.707617916858695,-29.642387333722155,2.099350844391924,Category 0
466,11.624759298641253,27.657576692026904,-28.199544784643955,1.6471061359524715,Category 1
467,10.694647657181203,26.614672797414055,-29.949197024477613,1.3748422103376137,Category 1
468,7.41132837520726,19.97783951398583,-28.983425553057913,2.452047550706017,Category 0
469,14.211691956093285,33.39780124971726,-35.037653419382856,2.46630125662767,Category 1
470,12.199210021019809,29.632688187347973,-31.39801896537096,1.333442229940817,Category 1
471,11.915277722578955,28.958188035299266,-30.562364020398427,2.8462924402637637,Category 0
472,13.553195641040457,32.23521750602973,-33.38385381556416,1.7071472352773702,Category 1
473,7.705588802979944,20.439766295418583,-19.369682011767054,1.4473693270543926,Category 0
474,13.019809787604979,31.10069312154592,-32.59881712409073,1.2496204296127351,Category 0
475,10.837313181882333,27.153906016384976,-29.0742360651665,2.0539045166615946,Category 0
476,12.631522151539997,30.376917441635033,-32.18251604036543,1.4524378597066698,Category 1
477,9.096924687713326,23.541640299250652,-25.37339299141872,2.134012177833289,Category 0
478,7.0874271791125585,19.268880403007053,-21.92974626581473,2.955072758719839,Category 0
479,10.070923917927558,24.91159022520016,-29.292523682250042,2.481648386182075,Category 0
480,9.073396650363659,23.66750430495877,-24.733327096474113,2.972729017816663,Category 0
481,12.523428340537293,29.643393733788045,-29.53193976540608,1.238365350042354,Category 1
482,9.555029779141476,24.04252061605571,-27.124573204942322,2.7790928613699277,Category 0
483,11.07164612714202,27.552068973828707,-30.989911452367554,1.0464024217242807,Category 1
484,7.747174858807828,20.447655637600214,-23.826081710194785,2.949179073183654,Category 0
485,11.855330176991458,28.677706157833,-29.481457037211886,2.4946927324978128,Category 1
486,12.890654485839603,30.89172185173469,-31.29233654326757,1.9140372996894006,Category 0
487,11.755624510549296,28.43827330532871,-32.672693945138114,2.7810093647423555,Category 0
488,8.903372891094588,22.71032936173031,-25.12144824865539,1.8018266360569153,Category 0
489,10.169936241365402,25.132367764213853,-29.834112686396324,2.1552002639214742,Category 0
490,10.390338079831267,25.477995147423798,-24.125882352354093,2.0297674955038634,Category 1
491,7.785978113813597,21.213554960191907,-21.983304736120765,2.181814338590426,Category 0
492,7.896890042251481,20.690531378604962,-20.083389513848445,1.072189968820419,Category 1
493,11.443774611806848,27.65492019609272,-31.268874424525702,1.4212830658057092,Category 1
494,12.705332770530552,30.37949033474154,-33.03818966866359,2.545671870240075,Category 0
495,11.498117488865736,27.689373076172117,-27.766390674960277,1.555250706562922,Category 1
496,7.074163379197145,18.802173806359406,-21.03287724867409,1.9445681548519749,Category 1
497,10.63825485429966,26.41255038744163,-25.204089495599835,2.6801519685869915,Category 0
498,10.242193837819082,25.65060742500441,-27.07174058681291,2.1179197611068803,Category 0
499,12.28105155112025,29.78067917853821,-26.501359235029593,1.8617184652489556,Category 1
500,8.611786218095062,21.32265848158876,-20.345939567235302,1.1219276393148974,Category 1
501,8.136627118509981,20.984227889897134,-20.61625778175235,2.734594528072124,Category 0
502,8.710405350773607,22.858338085222254,-22.459664891274755,1.6226075527366783,Category 0
503,11.721075161294662,27.978158540386854,-29.426617025052238,2.1460884765614585,Category 0
504,9.514147960835098,24.15420113038816,-24.842388762853734,1.3255574238988075,Category 1
505,6.015161381085571,16.866121201061183,-19.595749042475354,2.1674392396162503,Category 1
506,9.756310516668538,24.797983894058518,-26.4670971980206,1.4878324287748015,Category 1
507,12.422728562447269,30.199868704261046,-31.727460799171435,2.19219689665985,Category 0
508,10.604847323057378,26.506285029944912,-28.412423518036178,2.93790831333279,Category 0
509,11.548488804829933,28.133804126513972,-29.555876594925742,1.9280631344105796,Category 0
510,13.069964618671605,31.438487383284354,-31.217192515634938,1.3946723432300603,Category 0
511,9.603791399395373,24.19710787515905,-24.956445450584322,1.6919194058648104,Category 0
512,10.598740147152123,26.857852069603208,-30.867120113766006,1.5255450752425581,Category 1
513,6.975309536806309,18.95795246628122,-21.820555198296056,1.2692092955653669,Category 0
514,9.774030197162583,24.674880514486244,-26.74084320587883,2.110106574894738,Category 0
515,8.381314558356207,21.636658151935563,-21.925198007885918,1.621404442123842,Category 0
516,10.713990215820356,26.539852892102683,-26.44715098792845,1.8941891839711158,Category 1
517,7.6539877942728864,20.522270134447062,-23.061061275818535,2.960621486645191,Category 0
518,9.834519903419446,24.846807447230994,-24.112655357232303,1.7470569783987104,Category 0
519,6.724065543171271,18.600276003576834,-17.99148163862284,2.8377708852019348,Category 0
520,10.122766387453618,25.238933290258363,-24.843463374570806,1.9108588898574508,Category 0
521,9.562239347479826,24.084020849575737,-24.45384564120715,2.4100982988160826,Category 0
522,9.045128594375075,22.412807666495468,-26.976096523206614,1.7654309275174236,Category 1
523,5.299523519125458,15.745643660184989,-23.28939135840972,1.273965770783987,Category 1
524,9.865833393943811,24.261214243786256,-25.673859464984318,1.54859581697157,Category 1
525,8.316186771813342,21.058330394435515,-25.719356462288015,2.709242071608948,Category 0
526,10.412760518114853,26.09371543277761,-28.11003802268555,1.1654315774932196,Category 1
527,15.019802347773638,35.04981720009613,-40.95989736066744,2.483363585206491,Category 0
528,8.98848597068215,22.970130148073636,-22.787589230108527,1.7663189295781614,Category 1
529,12.88417077977042,30.815327108958446,-33.5908949531047,2.012175732927366,Category 0
530,7.677692465499595,20.27498175560601,-22.695194926442824,1.2834854744642348,Category 0
531,6.827352002800518,18.552307725876513,-22.927167188656714,2.869444036353416,Category 0
532,11.036207719591411,26.581696671302176,-25.407721853166965,1.5914104246422833,Category 0
533,8.161856567620635,21.632708790832467,-22.79608430934818,1.7083456477135117,Category 1
534,8.843765790566248,22.845679097505897,-29.024840058396922,1.296021040637338,Category 0
535,13.658244217078693,32.28276474118363,-36.92481092934686,1.863492798478081,Category 0
536,11.277549874097977,27.812842359241145,-29.915223086503467,1.1527191413948465,Category 1
537,10.768994280942538,26.645769166157354,-27.66891415991696,1.9084753224735405,Category 1
538,8.074269160937549,21.27324360941505,-23.18310708142712,2.7946555627164997,Category 0
539,11.853946236840589,28.74474863361419,-34.76629735301111,1.3834591073041598,Category 1
540,9.251196728463178,23.59380911886392,-28.589418787131795,2.865913284898605,Category 1
541,12.731388876235743,30.410265430205023,-32.21372534506426,2.1266174638746493,Category 0
542,12.026555394641239,29.035928696145035,-32.53268176409818,1.7022439304054393,Category 0
543,8.607901850709126,22.50039659549083,-27.173046156852443,2.3761505230024413,Category 0
544,8.292455649448465,21.937071658948845,-24.057534888326504,2.7991612700937116,Category 0
545,9.409211579115777,24.030114501934168,-25.456741730389318,1.0498930799684014,Category 1
546,6.895723370105379,18.518699829466982,-25.142273524001784,1.7323735348273732,Category 0
547,8.922519138515142,22.929185370218192,-24.510423217875978,1.265620058425304,Category 0
548,9.360999969529466,23.63841744657251,-26.227461108818243,1.9841140258479892,Category 1
549,15.191681542344222,35.2794149719439,-35.52164477373189,1.350280212316753,Category 1
550,9.55364874319831,23.847390249526565,-22.665711440333293,1.6983779432990609,Category 1
551,7.557587441677931,20.224523589366413,-23.20843559464064,2.8135167910538863,Category 0
552,8.378589833662756,21.4900949634341,-24.824290948428498,1.1339733911607286,Category 1
553,8.265323700217467,21.229117277064596,-19.960222618706347,1.681021885579364,Category 0
554,11.602908846214643,28.202661963789485,-29.166034152986605,1.493039727450556,Category 1
555,9.086482859616464,22.80964831557634,-24.96537938579372,2.399716903496012,Category 0
556,7.731877811646822,20.11941191304899,-21.85721232296238,1.382692248047622,Category 1
557,8.883294974565725,22.6111999091865,-23.914799396719246,2.698496947763462,Category 0
558,10.910103451322772,26.932965989026854,-26.923145583943416,2.4599705105941787,Category 0
559,9.323083125560089,23.455812804641777,-23.67785880145151,1.959804423258065,Category 1
560,8.70892214045947,22.5940206610115,-25.10553205288723,1.905661396651273,Category 1
561,8.951934904448688,22.744766429081277,-23.17763156603876,2.8861393139467637,Category 0
562,7.269812015538939,19.596939787312657,-23.328239527923614,2.3415665057331134,Category 0
563,6.4679080468490735,17.9398134231061,-17.84967511406599,1.486243992557733,Category 0
564,7.660404855631569,20.570866795459075,-23.19017694089689,2.2657487643628675,Category 0
565,11.356477894297623,27.72143291149459,-26.88091549760507,1.3195819089013052,Category 0
566,11.931696836024098,28.77347575596382,-30.756322945846353,2.5153284929775523,Category 0
567,8.609910519692725,22.523716469801766,-25.979373513399093,1.4377377583470963,Category 0
568,8.315872927516804,21.53032502745746,-23.19128389964479,1.7878998093771565,Category 1
569,7.240760993372254,19.520400749456428,-25.1206001010669,2.9397958392204115,Category 1
570,13.687195243720609,31.946164714566752,-32.6636682405807,2.8256805340681543,Category 0
571,10.05642239560705,24.76649860486443,-30.051533363846204,1.6569210262611298,Category 0
572,7.477862105832754,20.14627281960246,-21.739541953617618,2.809048808825178,Category 0
573,13.089031872804041,31.371753743283087,-33.9308659603141,2.120316474538199,Category 0
574,10.122026860940071,25.576902751534632,-26.152513538133785,2.54858834437518,Category 0
575,12.117980494423609,29.542914089908106,-34.654366586954296,2.4575856727547274,Category 0
576,8.400429372640549,21.713055616862835,-21.022487762121344,1.838985422442444,Category 1
577,10.507296914736855,26.170860320236017,-23.22109669997715,2.512718934027249,Category 0
578,10.531569703823353,26.42912654467563,-24.923883641625427,1.9163389223900513,Category 1
579,12.848310289095968,30.57276728321652,-33.61890365590458,2.3164017555047636,Category 0
580,11.293506999843762,27.61773890211304,-27.823472177690462,2.2274514410414037,Category 0
581,7.860588689860693,20.885244753189227,-21.119368641073326,1.9830908811143466,Category 0
582,11.130196855383488,26.919205237900627,-29.198249304397304,2.7505103784953833,Category 0
583,8.963440614852875,23.161262081707864,-25.861054915498407,2.764838441786681,Category 0
584,5.4956557660694045,15.989078927647933,-17.755900669831078,1.0635535150480824,Category 0
585,7.909333972112023,20.606145584797368,-25.31947155371366,2.6413987747357552,Category 0
586,13.257829329611226,31.90324758582717,-34.25069679079394,1.0746196503013152,Category 0
587,7.590405509160613,20.345711367877993,-23.212876479008948,1.199928973216011,Category 1
588,12.18067338576864,29.514899489979648,-35.8436759986792,2.001619825695279,Category 0
589,10.900084706621211,26.73918393217891,-27.483765838277268,1.476534898826787,Category 0
590,9.277108405161139,23.761390650133595,-27.326299163297865,2.9513224639910582,Category 0
591,11.664586919022105,28.123311436448056,-30.026586304456593,2.187765895054792,Category 0
592,10.997245840081023,26.921863726915827,-29.39416875506622,2.948542945977583,Category 0
593,7.688870130558916,20.170193021978616,-21.43597783289774,1.3449676529536163,Category 1
594,8.432309990106205,21.9035288753632,-20.175064198760964,2.565711072288832,Category 0
595,11.057882373850116,27.14217787295835,-28.867350351299216,2.051519601587148,Category 0
596,12.012813005415104,28.985098707096498,-31.997718512999143,2.586392098312985,Category 0
597,10.67105159387869,26.314006515160692,-26.968634861739947,1.9920708423023086,Category 0
598,8.683857090163709,22.310755450887914,-23.82914290791409,1.384378012206128,Category 1
599,7.983382685704779,20.553661414204086,-18.994391786793287,2.5490392504612083,Category 0
600,13.483842173921236,32.21188653495335,-40.80533154868184,1.3410451967056352,Category 1
601,8.966926622361784,23.132348795560166,-25.859491973086946,1.701579291691582,Category 0
602,9.408159132168896,24.34403121915359,-27.20372179078663,2.4866139068213036,Category 0
603,11.116641226727639,27.394597935871836,-26.42497819586211,1.3449323307800944,Category 1
604,8.414862526263114,21.63965644925181,-22.397752946758903,1.812910924905147,Category 0
605,11.295276903528118,27.589443609276156,-31.39000586227321,2.6208517052606126,Category 0
606,8.174636379800054,20.95748975067903,-21.109291042215382,1.4074502876618686,Category 1
607,7.917463832822406,20.90330389489763,-24.063253302838465,2.194476690916388,Category 0
608,7.376218268202441,19.68272377656698,-19.71041731272337,1.9832281205369837,Category 0
609,8.77224419056642,22.242742845281704,-22.454987519935422,1.2217714212849875,Category 1
610,9.035623337126511,23.48179437765678,-26.154791010097174,2.588505570928286,Category 0
611,8.123048157877772,21.303914714725384,-21.644653516953138,1.1366708294402936,Category 1
612,10.232227666052639,25.522646286991762,-29.179286965675484,2.977097953758416,Category 0
613,6.569917043256463,18.21301137162681,-23.084252401300983,2.583363589043125,Category 0
614,10.06983744042004,25.285645406759393,-25.233534125609523,2.098281379464014,Category 0
615,9.474145504373531,24.380100592082343,-25.539527070675316,2.6613551612029767,Category 0
616,10.143591083550291,25.79442954746942,-27.267851087846985,1.2989463595156205,Category 1
617,10.533248789542709,26.299097214174786,-28.88380437542853,1.3490327516484584,Category 0
618,7.029704542380733,19.223191710424928,-23.075032427257643,1.3059753124471372,Category 0
619,10.432767531983414,25.872233991278332,-26.120717457850233,1.077259317602332,Category 1
620,11.821790481951767,28.643163310964624,-28.063535283736236,1.9178660465583783,Category 0
621,9.415427554659356,24.185850960119655,-29.748881413939003,2.3052397636126623,Category 1
622,13.422368963593508,31.652242956357448,-37.14072107984403,1.4502760068135943,Category 1
623,10.893371095273544,27.034394678008553,-25.51213364890138,2.1335430618594318,Category 0
624,7.746832940665705,20.116462559714805,-20.626792933280925,1.6291941412070654,Category 0
625,12.106179639445237,29.70045913777547,-32.62258743785215,1.2069837239038226,Category 0
626,8.187449156755665,21.562953073984016,-27.220073718013687,1.1721073282523797,Category 1
627,9.091117290166183,22.789768793906383,-24.150205820326438,2.9253969215589217,Category 0
628,7.351071329978652,19.835694624264505,-21.635937316451503,1.3754003670567236,Category 1
629,11.695200637480719,28.466285227494936,-30.11206952955742,1.3667922870968316,Category 0
630,11.308704273523439,27.369699516094936,-29.422258827142702,1.3260470606627308,Category 1
631,11.284375274681,27.71127653122219,-26.048115711393724,2.786951947626008,Category 0
632,9.492270476212886,23.989131814711552,-24.69889682496624,2.725866399603816,Category 1
633,11.97317548537976,29.116348306280717,-32.439290555926085,2.277958467472917,Category 0
634,11.383987085697296,27.724653517708585,-29.673263916355843,1.9104944142451274,Category 0
635,7.827991997566585,20.60975995457237,-22.39631332069879,2.9173757011082913,Category 0
636,11.359936705341278,27.96500709288538,-29.898366829842175,2.7350986243121427,Category 0
637,10.23261005838446,25.43179264860229,-29.073758833713416,1.8943281666751415,Category 0
638,10.888692757067313,26.90310513387646,-32.78364468915809,2.9926931105688883,Category 0
639,10.487627274907133,26.52878705396954,-26.18965921929647,2.224564548173753,Category 1
640,10.134783296575812,25.532308469771177,-26.90789933660924,2.588717601528143,Category 0
641,7.423473599770452,19.150578054686893,-20.089622528886256,1.7782840932008888,Category 1
642,10.000160231282715,25.00256928773082,-25.114347402198455,2.040261928811759,Category 1
643,11.220877541716966,27.249562464809333,-30.8232884449592,1.4738561865549271,Category 1
644,5.710400881935989,16.403272281830432,-18.87895668326259,1.7307696090034466,Category 0
645,7.232089739433195,19.692795086495725,-23.173223691395677,1.5803258266783762,Category 0
646,6.6295994967539595,18.360185719783416,-19.007313844491506,1.2834847459155756,Category 0
647,9.658568353947851,24.00358071412702,-29.806544380457474,1.6904142619313494,Category 1
648,9.276334454827921,23.55566273001955,-26.9514566773246,1.1230260944591182,Category 1
649,8.898304633145537,23.03776400040823,-25.288920982768847,2.1804124170238275,Category 1
650,10.626757369410203,26.07185741817462,-29.261480519463426,2.866454141602706,Category 0
651,10.195165007728253,25.735838949719867,-28.28183705612166,2.037516612686079,Category 1
652,7.03241001037674,19.276342217124338,-22.14544743773583,2.283054550665468,Category 1
653,9.301778067955933,24.044073956835327,-26.875194884913896,1.245595801852823,Category 1
654,10.562142671655588,25.970137121411817,-28.751016939295514,1.0872254504863637,Category 1
655,12.130583485007131,29.07794452327174,-30.06741113755562,1.6996475136850004,Category 0
656,7.356753249768328,19.24204929550789,-22.7426731414113,1.4489221045793579,Category 1
657,12.743380099617177,30.704526941514043,-30.584744083161908,1.7513483021800718,Category 0
658,8.770515708954433,22.640823626847187,-24.019623780786933,1.1261773032823617,Category 0
659,8.265794708771326,21.438213419354557,-25.383916995578307,2.2808650947974267,Category 0
660,9.530965264646673,24.395315588958393,-25.881673751423218,1.4935100006160704,Category 0
661,8.534018285344398,21.780728926171083,-22.229999455384387,1.9680319100386796,Category 0
662,11.87149339609051,28.688297518703298,-32.16445505299834,1.9513877470024499,Category 0
663,10.67518259919392,26.623992584268784,-29.06063216908821,2.6536603895784108,Category 0
664,11.643214023850113,28.426903790376613,-31.485990914791763,2.2500252599069483,Category 0
665,11.77099128697277,28.424579589624695,-32.73914436209703,1.1949172656839238,Category 0
666,9.941316496946046,25.400559481649328,-28.881366646827196,2.6514370765716753,Category 0
667,8.77844363567656,22.462544191130263,-24.16376120633346,1.5955535200433242,Category 0
668,9.378858193830066,23.81431422404428,-24.751827688822694,1.722248688285467,Category 1
669,11.13557249548542,26.91717613639005,-28.294061203407868,2.721228184243179,Category 0
670,6.458095711663454,17.200204465488643,-19.565236000274734,2.5241266503861772,Category 0
671,8.54572050794334,21.940705146334757,-23.489037650988546,1.6114314782154946,Category 0
672,11.491045869533973,27.904674789317664,-30.763372644946344,2.4958651238252125,Category 0
673,9.939647932482412,25.03578671109924,-26.81725169183736,1.0495515566743794,Category 1
674,9.56495526605269,23.700488129335067,-26.862649307737545,1.7332385515126691,Category 1
675,13.403093639990832,31.751493807336377,-32.92815544128004,2.7462421001508046,Category 0
676,8.289289031099937,21.625369507436844,-20.53288092413494,1.7885180787970494,Category 1
677,10.524621233385156,26.135749732260138,-30.90399663426315,2.2797960267925528,Category 1
678,13.008729891274005,30.787474599779443,-36.260528063614,2.7084792164052622,Category 1
679,8.930046679277057,22.92514026094226,-26.72394196219282,1.654530716462152,Category 1
680,7.105909038891074,19.001868408213156,-20.979517512086744,1.9581741989536916,Category 0
681,9.858174059500644,24.268066671291795,-28.16426664108697,1.68200485543321,Category 1
682,10.232046326707563,25.614052455640408,-27.29834897868336,1.732599299651901,Category 1
683,8.633989844775678,22.36689777046754,-22.031061791860996,2.3752104923217514,Category 0
684,10.005475483511642,24.84218548598054,-25.753770266067804,2.1414599853174563,Category 1
685,7.9647732209801525,20.734712723748892,-19.867614499210784,1.0434588655227717,Category 1
686,13.47637293686072,31.924426911824575,-36.669501543839694,1.5375862628550425,Category 1
687,9.191653095784753,23.286769051136485,-25.018365064177576,1.524658165876461,Category 0
688,10.078488021691992,25.089064598500745,-29.600341889095674,2.2832146098059827,Category 0
689,7.512933661387467,19.62314393218818,-22.426386261778614,1.600911557789402,Category 1
690,8.726355976522427,22.51755126865016,-27.283724261581067,2.7027682641014863,Category 0
691,9.066145119657754,23.21019563235055,-25.810540433084206,1.1788927702450511,Category 1
692,12.05419162388308,29.162842695539865,-33.37990652672196,1.7593695053417804,Category 0
693,8.839463723886455,22.40906373523793,-22.057360903501227,1.9970741661087281,Category 0
694,10.14891261016815,24.970852531275682,-23.37916006222692,2.726283472562651,Category 0
695,10.498285245819986,25.977587717448227,-26.595689318128933,2.434513910140882,Category 0
696,6.128395399469406,17.112061992346504,-17.742509157605614,2.418093760859059,Category 0
697,9.48882832906379,24.51954047802393,-30.676109052835624,1.1487394979150958,Category 1
698,13.02460572032765,31.21861918582299,-32.00671277876933,1.9621930582876428,Category 1
699,9.958272252592915,24.41942465802525,-28.01253600403357,1.429050603133878,Category 0
700,9.859288575425623,24.572453205597203,-26.26519772847942,2.3554472449138766,Category 0
701,10.154863262256496,25.050417923010414,-30.2474959707502,1.203636280304654,Category 0
702,9.771335923183214,24.62363591763738,-26.794436448086632,2.581227970996851,Category 0
703,12.034762965381576,29.467182066888626,-28.987022052887113,2.2019338807820175,Category 0
704,9.235697970425123,23.183328638856036,-23.833030390588384,1.206783081913688,Category 1
705,8.571928007514956,21.880865593806988,-27.622871653956693,1.2851919358580104,Category 1
706,8.288430056925264,21.623976973184977,-22.98734249253439,1.2867848891110496,Category 0
707,7.397775103311948,19.65073895745702,-22.98300237856078,1.1094333793671916,Category 0
708,8.083064000133525,21.287359430543063,-26.121582962328375,2.6309558448205097,Category 0
709,8.93715648097448,22.902411767077155,-28.879698031758426,1.9387518690974048,Category 0
710,10.929255245943773,26.821851079634776,-30.519493007561312,1.373403348966827,Category 0
711,9.763844152121104,24.10370578696394,-25.290897771434985,2.231376294731643,Category 0
712,8.672945243640214,22.456983170081916,-29.126438777827588,2.6577615810661226,Category 1
713,11.95964251164985,28.850505973138233,-30.56372332860245,1.1039400724049193,Category 0
714,9.182368910023493,22.955016217110366,-26.00826899653049,2.542396737566092,Category 0
715,9.534218452568073,23.801020505003542,-24.831395624179155,1.2160782373475572,Category 1
716,10.250990074616373,24.99635973221993,-33.499344324499766,2.1614305980389035,Category 1
717,13.445103301071065,31.702856632076966,-32.590155035794496,2.684510678354269,Category 0
718,10.181838686639097,25.43652779409719,-28.896853835731534,1.1381205256693752,Category 1
719,8.626109883894669,21.873961187739628,-25.568946078325233,2.3534415475395853,Category 0
720,10.396813763802932,25.763943213017914,-29.683111854174726,2.134748733711378,Category 1
721,7.728534090465137,20.408162079459558,-23.01305338045948,2.3225997401509,Category 0
722,12.243509023667023,29.05526707303973,-32.158194565864065,2.536976169453218,Category 0
723,10.81811948010674,26.89305365033394,-29.44550191058007,1.447665677555656,Category 0
724,7.794086925606278,20.859604004684,-26.012378962076408,1.6431804823751894,Category 0
725,9.648687096159916,24.185260681450185,-27.361019961968683,1.5510629215708753,Category 1
726,8.194701828110517,21.425421216458165,-24.021176113434475,2.849380755406706,Category 0
727,11.519915750959736,28.0327169548105,-30.32533724233309,1.799957643291148,Category 1
728,10.935268159853543,26.76549205751091,-32.49592805866564,1.2074863467950276,Category 1
729,7.069809471287929,19.3199810131402,-22.767311540958005,1.214662287170863,Category 0
730,14.782462567827572,34.11717964240681,-33.33867981990433,2.557106002245786,Category 0
731,10.835193965172135,26.756475490299223,-26.438448391481234,1.8271602440102892,Category 0
732,6.932755837924001,19.04502846116835,-22.111504929508122,2.799263827897322,Category 1
733,8.723090897799597,22.680746229771955,-24.0850192106023,1.6859611269559847,Category 0
734,7.3100000087598165,19.849343196681165,-22.783065813293,2.6953560213232626,Category 0
735,7.013293232097348,18.885908956007828,-19.491589719741558,1.737077899357625,Category 1
736,9.557678651428942,23.969426516039118,-25.11101852388268,1.3973006835339588,Category 1
737,11.925329433250816,28.82757074580003,-33.34513012735222,1.7091091162868075,Category 0
738,11.425553052876744,27.47769431650518,-28.204567318936657,2.5986354330565673,Category 0
739,9.692649134706974,24.46165385327904,-25.065737743182193,1.9930454421381953,Category 0
740,10.642017956092957,26.18818425299413,-27.853446687286528,2.2496953813582574,Category 0
741,6.863963557458572,18.95272730348285,-21.68258378807165,2.973692992187122,Category 0
742,10.228791806629411,25.251599971289927,-28.032148528024944,1.0176038485558518,Category 1
743,12.082749326137103,28.931225616999818,-27.383492874123228,2.6385385576666573,Category 0
744,12.105058446259083,28.7608608064224,-31.854971281705065,2.033936737582172,Category 0
745,8.742164851761693,22.405113056175676,-25.28404247053784,2.18486639384672,Category 0
746,9.133918155845706,23.24470143635822,-26.70339942999762,2.3659677847940586,Category 0
747,11.481301986012411,28.347684275515242,-32.11111636857903,1.4680887570695813,Category 1
748,9.171795896461148,22.936098264522204,-21.634019124470868,1.0239639374267249,Category 1
749,7.58878892267685,20.55855791517652,-24.177176931237717,2.027525050282247,Category 0
750,6.70402337821141,18.439445164758062,-18.576852022269932,1.2701703744081054,Category 0
751,8.276192430417225,21.52812038641223,-23.99288271004908,2.8403655758761643,Category 0
752,6.807607353812113,18.144065433135882,-22.639528733425404,2.998923007034143,Category 0
753,10.51637343792151,25.804216042790635,-30.460456322995842,2.3016310630149848,Category 0
754,10.03693816132995,24.8105991657345,-25.442228869162445,1.9362399941552595,Category 0
755,9.269963815888241,23.611083826960197,-21.676361026129918,1.3571649018536955,Category 1
756,7.85741133209063,20.61322248660227,-24.04041315355753,2.538535253176251,Category 1
757,10.080100215043101,24.856613130917584,-29.579259447140846,2.7584266992027686,Category 0
758,11.237348624389712,27.436615886681615,-28.249337695605448,1.5807879605796484,Category 1
759,11.221722641326071,27.673683657002847,-31.50008869224466,2.3871623494047274,Category 0
760,11.893962323387784,28.975439983412226,-32.23066472782116,2.520597225794666,Category 0
761,13.634861744561777,32.88922425347864,-33.109685213285665,2.480015265514414,Category 0
762,10.844232184214034,26.561826623383112,-29.16145512999428,2.0536886500743243,Category 1
763,10.517516132640912,25.781918602837873,-27.236954115071043,2.3092302651956977,Category 0
764,8.171585281201533,21.226991534304375,-23.932384058700006,2.3104131125012577,Category 1
765,10.06902543718795,25.05536153600364,-27.728043791208947,1.8363926423807422,Category 1
766,10.054698251035237,25.265307823550852,-28.692763256756823,2.6862653883400514,Category 0
767,8.767976840411425,22.113885639353118,-22.752426345500723,2.480166662863579,Category 0
768,10.077882909058825,25.044470541343344,-28.711086207165703,2.158099368980065,Category 0
769,10.139053108125736,25.878756453260536,-26.262549467439317,2.9504691342629634,Category 0
770,9.149758981841025,23.09751129382809,-27.665101609073215,2.0509578330931073,Category 0
771,8.177836786798515,21.142902326224302,-19.654051035439885,1.5703434231168478,Category 1
772,11.103355455468972,27.436156920062988,-28.330669342564864,1.6616346084030802,Category 1
773,10.070120378546001,25.088097194075438,-23.621726246854266,1.2614935268431178,Category 0
774,10.893398920232668,27.184657762564136,-25.49668377164994,1.3012283230416415,Category 0
775,9.921427362863005,24.950996251791178,-22.205408955515345,2.261644465509599,Category 0
776,7.891230210800739,21.03108555889012,-23.803017971111622,1.2087430284381508,Category 0
777,9.569175893354553,24.44003907771278,-25.795169825935268,1.1005678435161272,Category 1
778,9.358244345581383,23.745375088890942,-26.33921838650465,1.7570496609746529,Category 0
779,13.157030295846123,31.505344270314758,-31.56098573486414,1.0830368125969574,Category 1
780,6.200525380721231,17.3982311555668,-22.241111809591587,1.893196955844706,Category 0
781,9.892287400552824,24.95409530448734,-26.580766310976635,2.379680385541558,Category 0
782,13.17169632911005,31.274572321733228,-35.85861930061847,1.877234096832815,Category 1
783,14.925096651432494,34.719990942050714,-37.92338132566336,2.9897358762912543,Category 0
784,10.940220380217259,27.19082622785174,-28.703618401321524,1.5144121757522333,Category 0
785,8.138456169183073,21.034740902694068,-22.950256015124005,2.330281721529329,Category 1
786,9.15935628950527,23.762329546619856,-25.35157451143345,2.3225480834848327,Category 1
787,13.270424007907636,31.506674558482366,-33.863207691133795,2.0067331217616777,Category 0
788,10.843489231862467,26.167158982377934,-23.20122215363696,1.19833811219084,Category 0
789,11.432593868729839,27.86582033489024,-27.745324283611435,1.1111639458131033,Category 0
790,7.563423169848837,19.94453444967407,-22.34543046199225,1.1285580822840633,Category 1
791,7.523879013742675,19.893422227508864,-17.145830496879682,2.4373640816544104,Category 1
792,10.055648741083413,25.004436421727313,-28.24311218252215,1.946867147344133,Category 1
793,9.493745095467789,23.92893819085704,-27.128740556321798,1.6684381099401595,Category 1
794,8.560253657328287,21.85117528053829,-24.013346452203294,2.1651719791632873,Category 0
795,10.03389087322072,25.156352608349017,-27.197496026046288,1.1410169475368557,Category 1
796,10.639374938578579,26.26819636052035,-28.03029860512344,2.28937799750359,Category 0
797,9.558064235475676,24.269206813616503,-27.96431625410169,2.0410748549104034,Category 1
798,11.44758994238516,28.23030155448886,-32.176210505955325,1.8654063905098082,Category 1
799,10.646992242548311,26.813608161654955,-27.21296204983348,1.34282720791613,Category 0
800,12.092674664710099,29.33329806622154,-30.027351967969988,2.0988089518437434,Category 1
801,9.505553141485397,24.146308605141755,-24.330894485400357,1.87218581876737,Category 1
802,12.840208481766798,30.83784661072298,-29.991368607251772,1.605398652148378,Category 1
803,8.481283334123173,21.57361498939483,-22.359196995947446,1.4502982084464993,Category 1
804,9.465048866346129,23.892679971492463,-27.78368862122072,2.013779394521427,Category 0
805,12.213204580779365,29.345881857308026,-31.123189169178797,2.5223990770272193,Category 0
806,9.368094270907134,23.52138196786021,-25.61719522254706,1.81122889606693,Category 1
807,8.571438557193927,21.855541240276004,-22.652605312793096,2.9549714857069036,Category 0
808,10.796978673328255,26.54768943765869,-28.79279092631543,2.826759557662051,Category 0
809,9.17066537598108,23.24537505608791,-25.186002022625768,2.4390328694659047,Category 0
810,10.932587219062716,26.99526088202174,-27.640280316549575,2.1280729339108984,Category 0
811,10.405728685839032,25.289268145346046,-27.578032178275958,1.574194975157597,Category 0
812,9.309803901133433,23.696476263493977,-25.35017785859926,2.677928631011116,Category 0
813,9.868127865097698,24.670760427804286,-27.873694157142936,1.7221460805850841,Category 1
814,10.078237062402023,24.906972806956414,-25.884472598472954,1.1943242587211382,Category 0
815,9.80651681163359,24.302381133015572,-30.51504671179137,2.9811430157613055,Category 0
816,9.992042747550602,24.60985397205527,-26.69128985859757,2.4441656136801146,Category 0
817,14.004023402258788,33.13106182559541,-34.328927821059146,2.498677148961864,Category 1
818,9.78553377157821,24.37598176537357,-24.73203037759309,2.130613179893217,Category 1
819,12.073333898044755,29.84165417006449,-33.426658457725495,2.858513230361303,Category 0
820,11.08379778210666,27.230657189937755,-31.260458850835047,1.6277976324665455,Category 1
821,5.83781362518337,16.68943985055478,-14.961348282055368,2.834270007143531,Category 0
822,8.60031800399397,22.068563249753804,-24.00858329842242,2.6453459823051837,Category 1
823,13.639969758933539,32.48839488632404,-32.44622326696467,2.728392461701532,Category 0
824,7.561612821125623,19.898058988207445,-21.63132167943426,2.2900638679016723,Category 1
825,7.995899928369317,21.194290799838754,-19.172401464019327,2.994788311958745,Category 0
826,12.159636125078416,29.53088848111895,-31.716344113928404,1.5831368697980737,Category 0
827,10.434893800409094,25.710524644285425,-28.65219635398473,1.7111955590962937,Category 1
828,9.296401276990162,23.689627281687727,-31.59834613857874,1.4737977324064717,Category 1
829,12.88810199533408,30.988587070303304,-33.715477381915115,2.209248057660341,Category 0
830,6.959009898494626,19.084231717349844,-22.628773666019395,1.7928351440424215,Category 0
831,5.600695578840328,16.03935669958187,-18.174587686516023,2.5903279778816173,Category 0
832,14.06734813556061,33.07020366573926,-34.29107137578256,2.681337244564569,Category 0
833,9.999447864870561,24.91280171650481,-26.339211064124918,1.630747260373386,Category 1
834,10.516290804270099,26.04208672675669,-30.749995595675056,1.9639420769900007,Category 0
835,9.44312602818927,24.113287891869543,-25.791300328779155,1.0990484413169663,Category 1
836,11.192345351294025,27.404318179984774,-30.962994234490772,1.5643616746035707,Category 0
837,11.67697114424276,27.91636042025916,-29.52929235553459,2.470688339679743,Category 1
838,10.853032572666285,27.11382400452508,-32.04040753596141,2.5075312008219726,Category 1
839,12.237800867609886,29.275114797941168,-29.712318209743856,1.6138952299811749,Category 0
840,8.83491390728134,22.269568822913058,-26.744053816618088,2.86330724122971,Category 0
841,10.467137955486944,25.969601996984768,-26.793551184666324,2.6684448689897327,Category 0
842,6.793712788879958,18.758075461497057,-20.44692590575066,2.2455084362223507,Category 0
843,11.317280496486152,27.864148554920497,-30.003548809206755,2.5469437252951876,Category 0
844,10.498038253662891,26.16702267827117,-30.07832252382439,1.2206222897538008,Category 1
845,6.35251482324593,17.852804066781562,-23.693125731397693,1.6247129396382134,Category 1
846,13.783509355465958,32.53761030282884,-32.539250850397146,2.6404368216471923,Category 0
847,9.907524730788422,24.98907984177806,-26.708449030717397,1.2366203571232675,Category 0
848,5.58378460573033,16.039903985072534,-15.003532942953637,1.7097839474031065,Category 0
849,9.703880361516687,24.418639551528592,-31.03174223866652,1.7360627633509278,Category 1
850,6.760977894916717,18.243035178454512,-21.4413056642239,2.674090072130255,Category 1
851,9.770938469890577,24.56245085263795,-26.441202400394303,1.4641328693921791,Category 1
852,9.900837899141976,24.853761623010104,-28.056366741292166,1.3414189539661443,Category 1
853,10.932552014295442,26.87029825273926,-31.21894103009599,1.9489864120597715,Category 0
854,10.335215001310797,25.718150612217617,-29.968628667452336,2.3876387637129426,Category 0
855,9.36305951738384,23.88565515129487,-22.203868373159622,2.121777725789885,Category 0
856,11.445321028204834,28.369573160612585,-32.34007945793707,1.4167398082064617,Category 1
857,11.755954825197204,28.622759067381942,-32.42836238092859,2.695733568793581,Category 0
858,8.071814219113586,21.47048272577485,-24.616959021324014,2.9160264905318587,Category 0
859,13.442485345106615,32.22355015144857,-35.391424305447075,1.4782487538595324,Category 1
860,10.421612846522716,26.368123664751657,-26.175784862071563,1.9275088683813755,Category 0
861,7.020398571044911,18.745931740470063,-22.373736041577654,2.6495855191915583,Category 1
862,9.916044865638195,24.710909655138888,-22.758106269615713,2.584910508966604,Category 1
863,10.5068408436505,26.26969501170375,-26.773867058897363,2.226632721713402,Category 0
864,9.099953552828964,23.395614158519923,-27.91163749451637,2.4115874463015805,Category 0
865,9.43363038382311,24.355699812605465,-27.915813804332885,1.38327656222531,Category 1
866,12.312517068503274,29.650059972503225,-27.911458985324213,2.550391329797515,Category 1
867,11.957086726503283,28.92211306509775,-31.624257323331253,2.0212020733882605,Category 0
868,8.822297741662066,22.507828200859844,-21.889916454154115,1.8517915057168046,Category 1
869,7.639229619719654,20.160644993723423,-22.881145271463204,1.3536145528747063,Category 0
870,8.539508586624695,22.11918125170523,-23.007646325669292,1.221866372786177,Category 1
871,11.89352922085511,28.273225281892753,-25.65425733923017,2.301743049930275,Category 1
872,12.178644544339981,29.534213371788884,-31.500558191927556,1.2632143261526205,Category 0
873,13.943989138199079,32.92189077523458,-32.302401120997054,2.148307696784644,Category 0
874,9.931281533155325,24.997901470141276,-28.23859381405395,1.029413197265935,Category 1
875,12.140630209672228,29.04715188907292,-33.34715680222395,1.5263255256684634,Category 1
876,5.991226418466021,17.018529739080595,-19.61826317694524,2.0090806350575976,Category 0
877,6.361480558851058,17.723192145206518,-19.680781459523903,1.5847377498872897,Category 1
878,11.111072839776115,27.04705212033834,-28.70760710540902,1.2626437037138873,Category 1
879,10.62344735534981,25.91837643652307,-27.07958707501281,2.885732887723118,Category 0
880,12.77532158283082,30.190952301168167,-33.09181939736521,2.6755354189587672,Category 0
881,8.766554528584557,22.94996763083076,-25.095880505172556,1.9332296573710057,Category 0
882,10.210901785561441,25.97685694100177,-27.29333888221782,2.8740733002700467,Category 0
883,11.570428939198006,28.681388495500897,-31.5272900002073,1.221744259329436,Category 1
884,10.039712565284228,25.08773809893646,-23.756039275182026,1.1978496002906405,Category 1
885,8.67745750868993,22.580798622018897,-24.560671569210005,2.7486741731613655,Category 0
886,9.230235555645564,23.79050592618583,-26.31425411336173,2.1329145271178,Category 1
887,9.498655665247975,23.56047254954043,-24.53514166697554,2.3819450632671524,Category 1
888,12.453039253112795,29.903825467662408,-30.964750526690047,2.344176184102791,Category 0
889,6.798066423125521,18.674376078855545,-21.735155322641024,1.5900199418223906,Category 1
890,10.362071130196943,25.70090239346432,-30.326322317963633,2.6326717759574016,Category 1
891,9.760377366875668,24.56309297102121,-27.233442740187396,2.824592293345546,Category 0
892,12.427400622757695,29.95090420817565,-30.28404653948495,1.0984285819708721,Category 1
893,9.95467773543327,24.315172578431948,-26.786753953790413,2.7423523930876197,Category 0
894,12.646568371414842,30.177200189355595,-31.757338529627923,2.497149483428026,Category 0
895,11.718326248337508,28.248562588722024,-29.972102432504666,1.3644399481960472,Category 1
896,9.954995140768226,24.945836447476957,-23.602226338463517,2.299406652284726,Category 0
897,9.493405276063042,24.068468853493908,-25.87267345430364,1.5758460536474308,Category 1
898,11.004629684260053,26.688309843970913,-29.801216205806938,2.470279746275018,Category 1
899,14.987592756578511,35.166108380652055,-39.27257183614524,1.5254263302030302,Category 0
900,12.7173203807745,30.005716199566038,-30.89931959293594,1.3870096629446345,Category 1
901,10.165098643668324,24.88293262401905,-27.533858301364724,2.9103955262561327,Category 0
902,9.101216222720435,23.2961408261745,-22.975263836215788,1.5710097925632263,Category 1
903,9.49848077293495,23.711479702854184,-26.76333456097554,2.320673941322477,Category 0
904,8.37373533460908,21.664921399949993,-27.093545807666615,2.4547451672917933,Category 0
905,11.194762585155491,27.384492292010155,-27.43532607847194,1.1891014578744077,Category 1
906,9.880068282492111,24.626955030104067,-26.14856041623911,2.689342892486674,Category 0
907,11.917118662079332,28.921179178663106,-33.52661041788507,1.588267463871119,Category 1
908,10.461728346493521,25.751438773285425,-27.86844216415538,1.7142511760597756,Category 1
909,10.47193206912642,26.245684958804418,-30.01564417322386,2.255107655333141,Category 1
910,12.908045995308346,30.60915652540726,-31.47090784173286,1.226091174907969,Category 0
911,10.485309978021613,26.052550938978072,-30.241198694257307,2.5314373714086003,Category 0
912,8.530820218303472,21.465109223239978,-24.975685818503994,2.015814520399234,Category 0
913,12.541022095583804,30.159988859115604,-33.20679950404294,2.040415869866023,Category 0
914,10.767530827314065,26.486014802167368,-25.52757267695663,2.5553925502546915,Category 0
915,10.311099905927904,25.448266314138017,-25.825067307166716,2.7697572385494484,Category 0
916,9.163161930837864,23.109684937240246,-27.79342077018719,2.1379402228991577,Category 1
917,9.035402518040021,23.056664052946672,-25.541154232602214,2.031060516079935,Category 1
918,9.048586148017666,23.028782182061477,-24.50702502562023,2.8326359584913865,Category 0
919,10.734259100268392,26.589353775219337,-27.22413615393561,2.988565489088485,Category 0
920,10.507913255425533,25.837007784596228,-28.63183472350238,1.8674948710393917,Category 0
921,7.717921097089681,20.58285279993089,-21.61875260702533,2.4637260065372732,Category 0
922,12.336847235025282,29.866056715814025,-30.213471864408024,2.098086975228557,Category 0
923,5.4061935868990885,15.286731873056151,-14.645780414648897,2.5995441165617486,Category 0
924,11.815452184090253,28.54443404224021,-28.1431743395889,1.856437456019801,Category 0
925,10.970651609178589,26.86578232011806,-29.84990553058288,2.3087115139559877,Category 0
926,5.985324113815967,17.01417770436362,-19.981442514687625,1.9966403596548876,Category 0
927,10.357209212118764,25.554981500823665,-26.85420636211613,2.967738137635986,Category 0
928,8.924038905835285,22.612205196288414,-25.05160444951748,1.8485206466274995,Category 1
929,8.149606843927023,21.887222276173592,-22.811440505835634,2.0692368508074006,Category 0
930,8.250847943266805,21.657095809960765,-21.764794542084218,1.1257851530577832,Category 1
931,10.180967132731338,25.522224473443032,-28.19594729186049,1.3478159545999338,Category 0
932,9.478068113682502,23.714355871082617,-24.418706374116617,2.8416586989878825,Category 0
933,9.179078861410312,23.31591219929623,-23.807255144329286,2.960336730389475,Category 0
934,10.3289186264785,25.74062113907356,-28.60289532723794,2.6729043413141356,Category 0
935,11.63823499625499,28.417322161808784,-31.05512286162979,1.2637590304986432,Category 1
936,13.443986255753439,31.99898664962074,-27.85864875890185,1.2724312895439465,Category 1
937,9.36052925610239,24.08813777390814,-25.574554129939322,1.2359695178864472,Category 1
938,10.59313919961744,26.187084213820594,-32.05194402928336,1.5553685142639244,Category 0
939,10.611009470820104,25.957462549456423,-24.065368794095672,2.4464872563637146,Category 0
940,8.941884671384276,22.871354170722874,-26.683369109274427,2.5370497532156344,Category 1
941,8.2119702758978,21.241175655015084,-21.79589931511505,1.5749175717449475,Category 1
942,9.855948077346588,24.89197088215649,-30.99146881664635,2.4434079803755413,Category 1
943,10.072393869058336,25.555627575914688,-29.089762593446117,2.5652496846974913,Category 0
944,12.37578442349794,29.84531235760115,-31.186116199645138,1.7999228651096997,Category 0
945,10.215134466322842,25.658524032992723,-29.18001080713886,2.103432908165326,Category 0
946,8.435869352366318,21.77850065024428,-22.717137758095703,1.964778100821166,Category 0
947,9.869866901877627,24.716401466521194,-29.98046067769052,1.9553043843728328,Category 0
948,5.81863444398131,16.851612570123113,-18.109782866224897,1.0483090370701986,Category 1
949,14.811949983175456,34.534859761755115,-38.98957204444781,1.9487596815435673,Category 0
950,9.808079822219613,24.44045244907964,-23.78477995221761,1.698224895594859,Category 0
951,5.729916239881008,16.490259688472996,-18.77324907015475,2.2304856718975756,Category 0
952,8.773618655943274,22.800095410161116,-27.721119192398408,1.8374455749146301,Category 1
953,11.798303181503897,28.0199476333285,-28.998262857591875,2.1001725691547066,Category 1
954,10.64478362246758,26.089446696579493,-30.885473592775664,2.4286522488345703,Category 0
955,10.930556863385466,27.279206989468044,-29.744824352482805,2.0864477490408033,Category 1
956,9.94542638316761,24.901668305656727,-27.952805864989088,1.5429712187437712,Category 1
957,8.977053284405015,22.5937547838178,-25.226941641828912,1.836160350085924,Category 1
958,5.509236461367804,16.072801619479453,-15.703493778816192,1.5555303606060624,Category 1
959,6.265587106171068,17.572679854652698,-21.92878682714319,2.4873570819087574,Category 0
960,9.00875935200466,23.179985275872593,-25.615804951010585,2.009007623026891,Category 0
961,10.54409620633307,26.033513026285792,-31.558534068820514,2.218751750227439,Category 1
962,8.089401021752579,20.797016615853448,-26.16647491393662,1.6136658777165809,Category 0
963,9.836164337559978,25.023604004154112,-26.870488837127624,2.0208628616945647,Category 1
964,12.34228579238232,29.903160067226054,-32.49864948672245,1.179568327669123,Category 1
965,9.87002662212615,24.63350266439586,-26.065091742371145,2.068435413147683,Category 0
966,12.85705250145127,30.889037408965343,-34.942419975555325,1.1356375152343292,Category 1
967,10.900928667113028,26.732430124215732,-32.599365893974124,1.7686758316097073,Category 1
968,11.62248926743253,28.061172093012825,-28.876155690574098,2.808639054745886,Category 0
969,6.902267988899305,18.662365719562434,-21.33640994109025,2.1996472345032423,Category 0
970,12.570182825264348,30.1685889613559,-29.345582846169343,1.6762834419240737,Category 1
971,10.545057507614356,26.37798936047242,-30.627479437627667,1.5551498512995037,Category 0
972,9.54357102546629,24.319670039640666,-26.06296435992159,1.301847630050075,Category 1
973,12.85468820977582,30.787206285796294,-33.4368742645917,1.182811085178484,Category 1
974,11.836504910741827,28.54503479340867,-31.245750020725364,2.7246537796693824,Category 0
975,11.381152630799868,27.64887734257612,-28.959430831554513,1.1014778867162365,Category 0
976,5.2319960065630555,15.592433177602693,-20.957799838717644,1.605811087274751,Category 0
977,6.036701145782359,16.97906328624742,-18.984268784205536,2.241885042004772,Category 0
978,13.540861649643798,32.4141422826005,-32.811649345975496,2.7978133312977507,Category 0
979,10.467482110072131,25.539818952177633,-28.031487457262138,1.7378638899099044,Category 0
980,5.387919863765206,15.931917886283124,-19.346616130262177,2.529084046566141,Category 0
981,10.550821682997293,26.321814992961865,-28.21282475332517,1.8104981110904963,Category 0
982,13.689414844722101,32.53747287376292,-33.258303061584,2.1082664504297357,Category 0
983,8.669755469588715,22.409577925820095,-21.05406956985346,1.0068359714848452,Category 1
984,11.396159236724111,27.60744555313199,-32.454597161513966,2.545175119778425,Category 0
985,10.07718826356037,25.11165307179717,-28.34507763347884,2.241110983884908,Category 1
986,13.335754259933832,31.632589250397935,-33.328732898191575,2.845437293531508,Category 0
987,12.027065406345827,29.132783415012884,-32.59653850252502,2.02803983774984,Category 0
988,9.654045921713982,24.119485255182276,-23.00456376549596,2.3557512019690963,Category 0
989,8.57955619983639,21.593258339269667,-27.307311584964086,1.9327635822576383,Category 1
990,13.830985822678464,32.55196473411834,-34.81401609277849,1.7283404827557174,Category 0
991,8.399771488142463,21.55424341573189,-22.091411887356692,2.5801881706184693,Category 0
992,7.6273303700122685,20.711341570714406,-23.26653287000449,1.8495749250587254,Category 1
993,12.381562582173496,29.64339948094795,-33.025820547225024,1.3491441314493984,Category 1
994,7.299859223999423,19.456136262846414,-23.59496867184224,2.9485913448813745,Category 0
995,11.418553939902402,27.878350118833747,-28.96014636588282,2.8793099590967137,Category 0
996,10.846537731307134,26.418100804514886,-28.596705702364748,2.933864176187141,Category 0
997,9.40622337764657,23.90798119282946,-23.4449257441708,2.153416850796735,Category 1
998,6.6629577049632305,18.459781084291258,-20.15624420503957,2.623063024926026,Category 0
999,10.112317977343746,25.346515133930975,-26.64636891416897,1.0849583443485586,Category 1
1000,10.425709340934286,25.927036454092857,-26.927245113390136,2.5369565904885967,Category 0
1001,8.843787896675924,22.55022067544674,-21.94262117929136,2.0230432736470503,Category 0
